"Mutation.ID"	"DNA.Change"
"8e30604f-3a45-5533-bdd7-0a4353700318"	"chr17:g.7675088C>T"
"8d2dfec2-3a12-511c-90e9-3e29c039b548"	"chr17:g.7674220C>T"
"477e2125-974b-5af0-a876-25596d99ddbf"	"chr17:g.7673803G>A"
"b5249474-20f8-5245-8dc0-c548405baaa2"	"chr17:g.7673802C>T"
"39da35de-2350-5593-95ca-c995fb661dc1"	"chr17:g.7674221G>A"
"53af5705-a17b-555a-92e9-880ce5c14ca0"	"chr17:g.7673776G>A"
"0d797d3c-ca18-59f6-80a0-e5572d70ec3c"	"chr17:g.7674894G>A"
"89aee9f6-9564-5c6b-bf5b-762620c36719"	"chr17:g.7674872T>C"
"288a8e0d-059a-520c-b457-fc8464e68154"	"chr17:g.7674945G>A"
"15694d60-96ab-5084-8ec4-c73119ece8c0"	"chr17:g.7674230C>T"
"da6f4d4f-a90a-53e0-a491-3de0b8b328a3"	"chr17:g.7675076T>C"
"647afa0c-e371-5921-b6a3-d5964ef943ef"	"chr17:g.7670685G>A"
"857fabd3-99ae-5d71-a6ee-df6dfe6b0b78"	"chr17:g.7673704G>A"
"40f6951d-5205-5c75-b0a5-eecac3617115"	"chr17:g.7674953T>C"
"8e99954f-1aa9-5aba-a851-b031400795da"	"chr17:g.7675143C>A"
"fe046d16-1df6-5c9c-923c-fd6cac815106"	"chr17:g.7675994C>A"
"64e6fe48-20fc-5d65-a628-f1f773b18dd9"	"chr17:g.7675124T>C"
"ec76d996-0a44-5003-baf7-1a3e311d73c3"	"chr17:g.7674947A>G"
"f7ec87f9-b732-5c94-80aa-a38d621d8aed"	"chr17:g.7673802C>A"
"3a10c8cc-f9c3-5682-b834-30485bbce3c1"	"chr17:g.7674957G>A"
"596df720-2a6c-5864-8876-db057746a773"	"chr17:g.7675085C>A"
"2aad4779-be14-5d95-8be7-28f67c600c66"	"chr17:g.7675085C>T"
"74ddf418-fb31-5552-ad61-7745cb5b0868"	"chr17:g.7674216C>A"
"bf84d076-785a-5e28-8f8f-9bbb0aa4b1ff"	"chr17:g.7673537G>A"
"38f3a6d7-7852-5775-858a-2fcaabac54d6"	"chr17:g.7675139C>A"
"97cb5c87-3974-5974-aa4c-d5cd98273b2a"	"chr17:g.7674241G>A"
"fd6b83df-a4f1-51cf-a10f-c2738ac2f80e"	"chr17:g.7673796C>T"
"1ffb64dc-6b6a-5ec0-b6bc-6e7dc4ea031a"	"chr17:g.7673767C>T"
"a6406224-d69d-5a5d-9530-1ff8a4909cfa"	"chr17:g.7674229C>A"
"ae96179e-feb8-5373-a15c-e8a05167cce0"	"chr17:g.7673806C>T"
"2d301ae1-73b9-56b6-b6a2-cd2db7d472a2"	"chr17:g.7673728C>A"
"82424819-c8a2-5142-bd8c-bad0d7eb4cd0"	"chr17:g.7674250C>T"
"9a7f3f8f-ba91-59f1-8c69-f6f09c59065d"	"chr17:g.7674262T>C"
"bfdba1f1-ec06-5e35-bfb5-0daced2c3b8c"	"chr17:g.7674917T>C"
"0362beac-7360-5f40-87e1-9203adbe1761"	"chr17:g.7675161G>A"
"43422159-7803-546f-893b-9c92bd2ee7a8"	"chr17:g.7673781C>T"
"5a2f1179-294e-5f28-84b8-747efb36e9c8"	"chr17:g.7675077G>A"
"731b55fa-6f4c-5980-9bc6-2e7b1048d279"	"chr17:g.7674229C>T"
"b93ba223-5c15-5e67-bac7-7990dafda06b"	"chr17:g.7674950A>C"
"34504f21-33ad-5c18-9224-b06196fc67f2"	"chr17:g.7670700G>A"
"380765fd-e0ad-5cfa-a8bc-d81e4553b1df"	"chr17:g.7675095C>T"
"4c2ba2df-cb2a-5711-8bb1-3775bd459da0"	"chr17:g.7673764C>T"
"89a72b15-cee2-5843-94ae-4a30c2ea46b2"	"chr17:g.7673740C>A"
"a421be90-3c47-5775-bb05-23ebb1b8d6d7"	"chr17:g.7675139C>T"
"211443d9-bb6a-5f21-8588-b9deae468892"	"chr17:g.7674252C>T"
"60135987-2b21-54f1-8652-2b8d37874da0"	"chr17:g.7673781C>G"
"8d6258b4-474e-509e-82ef-1c997d9baa47"	"chr17:g.7674885C>T"
"9c05fcc6-679d-560e-ba38-3ad9b8f6736f"	"chr17:g.7673579G>A"
"a026a7f0-64f7-55a8-81b0-02e9518b2635"	"chr17:g.7674292T>C"
"ce24f80a-a174-5669-9941-331531b408bb"	"chr17:g.7674250C>A"
"11c2b85d-ecd5-53d9-8d4c-12b06a449a0f"	"chr17:g.7674256T>C"
"30dd62b8-b7d6-55c5-9e8e-b4ac8572f725"	"chr17:g.7676040C>A"
"5e4cf4cc-402d-5c3c-abe1-c0c9def960c8"	"chr17:g.7675237C>T"
"6a33431c-9be0-505f-82ef-deb5883da6de"	"chr17:g.7675190C>T"
"d5fa7f18-4c8a-502b-ad9b-ff47572fa648"	"chr17:g.7675136G>A"
"02c2f13a-61dc-5b81-a7fe-c37139da37e0"	"chr17:g.7675232G>A"
"c523cc24-6ecc-5ba6-800f-e516ae0d8d5c"	"chr17:g.7674890T>C"
"e9b40af8-18c7-5d3e-ad51-f8fba9a0613d"	"chr17:g.7673788G>A"
"2e470daf-fb50-53eb-96ec-fee9c9be2d2e"	"chr17:g.7674953T>A"
"b1d11f8f-6013-5011-aaae-c0dff5d59211"	"chr17:g.7675137C>G"
"10942723-cc7b-5929-b7e6-574c686121e1"	"chr17:g.7674954G>A"
"25725628-8341-5595-8461-6846cf329cd7"	"chr17:g.7670699C>A"
"3f10e0df-5ac2-5e9b-8bf6-679819da0035"	"chr17:g.7673823C>A"
"79ec5b0c-77cd-5801-90db-d2d81ba89165"	"chr17:g.7674214G>A"
"9894f56d-0fd3-50c3-9a29-04ac457b29f2"	"chr17:g.7674238C>A"
"aa2d3973-72ee-54a7-8e81-048cafb8a786"	"chr17:g.7674240delG"
"b8618c52-71d9-5262-9c3f-251e47a4d5c9"	"chr17:g.7674939C>A"
"c77a4520-a715-592e-886a-d8d68941f352"	"chr17:g.7675216C>G"
"00452ceb-8656-5556-a064-99ed6019bc74"	"chr17:g.7674921C>A"
"2deca602-bfc7-54f8-893d-907e24c2ab34"	"chr17:g.7675095C>A"
"34badb69-fca7-5962-8dfd-69eb1809d095"	"chr17:g.7676153delG"
"4c5ca57b-f0c7-55ab-8852-eb4abcee8fe4"	"chr17:g.7673823C>T"
"65264fac-11aa-5a84-82dc-8e4cc853f08e"	"chr17:g.7675208C>T"
"a4f3a431-8820-501f-b51a-e0a9b31b59b2"	"chr17:g.7673534C>T"
"b1e85533-c8e6-57c9-80c3-a766d11f3dea"	"chr17:g.7674904delTC"
"b6a50126-d955-5337-a4e4-599ce0cefedb"	"chr17:g.7673809C>T"
"e4948883-fbc5-5157-a6c0-c0ee2cac4208"	"chr17:g.7674972C>T"
"0851e28d-e3e5-5e59-a224-a00bfafdce4b"	"chr17:g.7676096C>T"
"178e1296-ade2-5b59-9368-34510331e349"	"chr17:g.7675052C>A"
"43579cb3-ed37-5333-94ba-9df60dcf5f07"	"chr17:g.7675052C>T"
"63fc94de-b13a-5eeb-b988-4825addab497"	"chr17:g.7675994C>T"
"90823d0e-c6dc-562b-a5b6-34ac82c2428f"	"chr17:g.7675131C>T"
"91af6ddc-7f97-506d-9157-91037cfbaced"	"chr17:g.7674233C>T"
"a6691e51-aa8f-51fc-af6c-9ca1cdea4d1d"	"chr17:g.7675157G>A"
"fc4a7481-c646-57bc-b628-609cf0b30b0e"	"chr17:g.7674230C>A"
"144f6153-2454-522d-b8cb-508da1bae401"	"chr17:g.7676003delCA"
"58ba3f5d-898a-5cb7-bec1-74a2b90833f5"	"chr17:g.7674241G>C"
"5ac28550-7127-5372-a1e9-6d6275e628d4"	"chr17:g.7674220C>A"
"6d6b6289-f032-5ec0-b1ca-6e67f8f1f104"	"chr17:g.7675182G>A"
"6e05b86e-1685-5f3a-96b2-ed172b29b7a6"	"chr17:g.7675206G>A"
"725ad28c-2345-581f-91d8-1cf71f9bd912"	"chr17:g.7675089G>C"
"844863dc-c0c4-586b-b673-32a5f008bbb9"	"chr17:g.7674232C>T"
"d5e9b544-7021-56b0-a8c2-f833f5719277"	"chr17:g.7674893C>T"
"ef4d6f65-098d-5237-9c1c-eb9c33818d90"	"chr17:g.7673824C>T"
"f867bd71-1949-5c7f-b6ab-f6310b3d5cbd"	"chr17:g.7675232G>T"
"31155bb5-1423-516a-8618-6fa2986aa7b0"	"chr17:g.7673784C>T"
"3976191f-6f00-56fa-8a07-c650209eba36"	"chr17:g.7674252C>A"
"4f371489-23cb-5da3-94ff-8ce975d7c413"	"chr17:g.7675208C>A"
"642e6e10-5df1-58d4-8419-842ac62dfc54"	"chr17:g.7676056C>A"
"66e5d44e-898d-56f9-881b-c1e7ef788d27"	"chr17:g.7673788G>C"
"72e5e923-4a46-5d01-aa05-5b53f42cb96a"	"chr17:g.7674935C>A"
"8ef0fd7f-87a2-5403-8ab2-ba03ff4b572d"	"chr17:g.7674180C>T"
"90e884a9-869b-53e4-8b74-4bc18ea08887"	"chr17:g.7675145C>G"
"9e340108-714c-56c6-8952-07e81735c25a"	"chr17:g.7675160G>T"
"a0fff524-97aa-5f81-9558-69f4f8422fa7"	"chr17:g.7675216C>A"
"a31df570-4712-592f-af47-fb0fdf0cd3e0"	"chr17:g.7675174C>T"
"a4811fd2-f5c0-5fa5-aac8-6dfc62803be6"	"chr17:g.7673610T>C"
"a675ba54-1bea-58ca-837c-0f87dec16165"	"chr17:g.7674893C>A"
"be97a7b4-8a39-5345-8a7c-a07954fc5aa1"	"chr17:g.7673534C>A"
"016f48d7-32a8-5f43-adce-e035941cb632"	"chr17:g.7670664C>A"
"02e11b52-dbbc-5dcb-972c-5f6bc094d852"	"chr17:g.7674948T>A"
"04a2dce7-9689-5160-9645-bf97dcebf368"	"chr17:g.7673796C>A"
"1d7eb908-cc5e-5f33-9748-d6e0c7605072"	"chr17:g.7675101C>A"
"24985075-910a-55bf-bc80-fabd819687ca"	"chr17:g.7676398delG"
"2afd0613-3cd8-5beb-8e57-a851f84097de"	"chr17:g.7673718delG"
"37b8e14d-23ca-541b-bc7e-d133adf94320"	"chr17:g.7674858C>A"
"3b1ea9a0-cba0-57c5-a847-44c6ffbd89eb"	"chr17:g.7674957delGAG"
"58ba34e7-d81e-5f2d-8bb0-28dc27d70023"	"chr17:g.7676097C>T"
"5bc036d9-52db-5a8d-b6d6-dbc358fc11df"	"chr17:g.7675113G>A"
"8aab1527-4e28-5ff9-a25f-888c28252c29"	"chr17:g.7675224G>C"
"8d4f9b0c-472a-5e09-9968-e88297eb6cc7"	"chr17:g.7675151C>A"
"9773be26-72f9-514b-8ff1-c01dbf96904e"	"chr17:g.7670694C>A"
"9afd96f9-53e1-5bb9-b6e4-4278a413402c"	"chr17:g.7674218T>C"
"9b5b78e3-301e-5407-b9e5-5588585818d7"	"chr17:g.7674291C>T"
"9e496244-0aaa-5077-8e1f-4fa0cbea482e"	"chr17:g.7675157delG"
"aefd0d64-002a-58f1-bcfb-f9c329141d78"	"chr17:g.7675993C>A"
"b28660c1-3604-595c-8727-e6747932ca29"	"chr17:g.7673772C>G"
"b4ef6d09-5b09-55c1-b5ed-928eb60a0d4c"	"chr17:g.7674241G>T"
"b5c9bed3-a2c0-5318-8186-c498588cbcbd"	"chr17:g.7675993C>T"
"bb98866d-22fa-5a3e-8e80-71982abce797"	"chr17:g.7675125A>G"
"bf5ef2f2-caf2-5492-8b72-225f0b7f448f"	"chr17:g.7674858C>T"
"c0f7d2cb-4b2c-55f3-b5d2-5cc4fe88e1d5"	"chr17:g.7673821G>A"
"e7922ab8-425c-5c1d-8093-3d374c736353"	"chr17:g.7674859C>T"
"ee6c5091-00a3-58c6-bfee-82a1b4a035dd"	"chr17:g.7674962G>A"
"086fce28-99a4-52ad-a3cc-aaa3d84d7d0a"	"chr17:g.7675151delC"
"09a4ecf9-62cb-5ffb-aed6-9fa40dbc3e08"	"chr17:g.7676273C>T"
"0bfd3c1f-e2b8-5666-81fa-d64175bd26ae"	"chr17:g.7675206G>C"
"121a2c9b-1e97-55fd-a654-8235f7c383ff"	"chr17:g.7673787G>A"
"18e882e3-33b1-5fe6-9cbd-baa08b980038"	"chr17:g.7673767C>A"
"1d752e41-0436-5f43-972a-f4f6f55096cf"	"chr17:g.7675217T>C"
"2a65d5f9-f99d-50d9-87fc-570076eaaf06"	"chr17:g.7674248T>C"
"3d1ce1a7-ec0f-53ea-8deb-8938a93b10f7"	"chr17:g.7674953T>G"
"5a188f60-b9a2-5311-b0cf-9aedd99ba36d"	"chr17:g.7670684C>G"
"5a989f33-421a-5f1c-b398-7afbf267323b"	"chr17:g.7675080delG"
"6c5f51f0-fcaf-57e1-8171-a23707dea305"	"chr17:g.7674233C>A"
"7b3ca089-ce7a-5d96-80c9-747d0912616d"	"chr17:g.7676167C>A"
"7e20c462-a850-506b-af05-c8c46ead017a"	"chr17:g.7674887C>A"
"81d4d7c2-b3a4-5580-b244-41ce96c85d93"	"chr17:g.7673820C>G"
"835625f2-4fd7-59c6-97f8-7a97077a032a"	"chr17:g.7675064G>C"
"96f88667-9894-57e5-ad7a-f7907aecc889"	"chr17:g.7673788G>T"
"993b94c4-697f-5ce7-8eda-d78d06c70ade"	"chr17:g.7673782T>C"
"a601da51-5a26-549b-8eb8-44ca098b47a2"	"chr17:g.7674276delAC"
"ab03cc90-5096-55c5-8df1-03b33b68430a"	"chr17:g.7675238T>C"
"b7718875-a1ea-5544-8d75-6a84679e3af9"	"chr17:g.7673781C>A"
"b7b085c2-e922-5624-b7b3-b374650effe8"	"chr17:g.7676267delG"
"bc097463-1f4f-5e7a-abfb-591a8b15acf5"	"chr17:g.7673700C>T"
"bdc4320f-5168-5812-b262-0a0b9a4c1303"	"chr17:g.7674187T>A"
"c4a289f1-7e3e-5df6-bcc3-02e12aeadc04"	"chr17:g.7670685delG"
"cbdb9dff-08df-5c37-9be4-97886857f029"	"chr17:g.7670703C>A"
"d782809f-eac3-564f-86ee-2a06c2772beb"	"chr17:g.7676152_7676153insG"
"f82618e5-a634-5419-b826-eaa5c7895343"	"chr17:g.7674238C>T"
"03c3be03-abff-5d03-b8b1-dd7bd8a5f3dc"	"chr17:g.7673764C>A"
"053c7314-1f64-5aca-81f9-b62c6ba8a19d"	"chr17:g.7673787G>C"
"07be895a-4aa2-53ca-a67c-8cffafd4051d"	"chr17:g.7670682C>A"
"0a641645-08b0-5444-9014-115c6e881952"	"chr17:g.7675199G>A"
"26739fdc-71b0-5f88-b4ed-be2062fe9802"	"chr17:g.7676102delG"
"339b321f-9164-5ff4-807f-f8ce9d99b3f8"	"chr17:g.7674292T>A"
"40ffca9d-1727-5adb-819d-f404bb519b83"	"chr17:g.7675229delG"
"455e7c9f-9bf4-53d8-8fa4-a1bb207eeb5c"	"chr17:g.7675122T>C"
"45df40ba-3b59-5662-a67f-e5aecef02108"	"chr17:g.7674217C>A"
"539db634-0419-5eb1-9c66-a10fc8d4de1b"	"chr17:g.7675077G>T"
"53bc1e85-f4df-51f4-8dd6-4c8bf6b55abb"	"chr17:g.7674227T>C"
"6bce860f-7096-5269-99c2-a40001f53315"	"chr17:g.7675218T>C"
"8f1769c1-e688-5adf-bdac-a65f59d3d87d"	"chr17:g.7676210C>T"
"9f7482b1-a7e1-5dab-a813-28f8b74d0b11"	"chr17:g.7673761C>A"
"a6e29071-5b36-5ff3-b6d3-533b046b4535"	"chr17:g.7673787G>T"
"a9758ed6-511d-58b5-b193-f7deac517657"	"chr17:g.7673699A>C"
"c6a2d78b-deb6-57a4-97fd-e77cf3a90ca6"	"chr17:g.7675149T>G"
"c6bbfbc4-c134-5341-b72d-40fa8b0820c9"	"chr17:g.7674870C>A"
"c6d8f163-2293-5f3f-988f-c9d6d78774f2"	"chr17:g.7673802C>G"
"d5499a0d-a2b5-568c-970f-28ae85752a5b"	"chr17:g.7673790C>A"
"da32c6cd-217d-5f1a-be03-cf4108d5dcef"	"chr17:g.7675220T>A"
"de208c1d-b011-569e-a628-268d20c08f6e"	"chr17:g.7675089G>A"
"e50ba3b8-2929-598d-a9d3-1d9bf5b8dbf4"	"chr17:g.7673803G>T"
"e5b6542f-c63f-508d-826a-84e95c1beb47"	"chr17:g.7673779C>A"
"e606818b-64d8-5faa-9817-b485b3e156b2"	"chr17:g.7674895delA"
"eaef2b21-e6d9-50e1-9704-d8e07c64c8a8"	"chr17:g.7674972C>G"
"0f50c59a-d064-5e9f-9835-e0882bf18cd3"	"chr17:g.7676031A>C"
"0f77dac6-8b55-5830-a27b-1dae7bb9f070"	"chr17:g.7674188C>A"
"1c605ba8-25e3-5105-b625-5d1dcc212465"	"chr17:g.7675175C>T"
"2654854a-cee7-55c5-b376-1a7ac1e4b334"	"chr17:g.7673779C>G"
"29bc78fd-cb1b-5c74-bea9-42b4d1983444"	"chr17:g.7676176T>A"
"2d2f29a2-a600-53c2-872c-5ccf93fc44f3"	"chr17:g.7673811A>G"
"39b02705-9af3-58b0-955d-1c68a8effd02"	"chr17:g.7675189G>C"
"39ff278b-81cc-5f8b-8b49-9bb4d0d55973"	"chr17:g.7673764C>G"
"4495e304-5ed5-5a47-98f5-e3d2fc5ffe25"	"chr17:g.7674899G>A"
"44dd4e92-b5c1-5cbb-bfb1-c098cd283002"	"chr17:g.7673700C>A"
"496ac763-8670-59fd-8673-9089a0f027ad"	"chr17:g.7673806C>A"
"4d929ac2-28ef-5215-b050-aa4970825a08"	"chr17:g.7675148G>T"
"5929923a-52f0-532c-af22-0fdd00aeb88e"	"chr17:g.7670708C>A"
"5cf322e8-0081-5847-a011-6f91127f05fd"	"chr17:g.7675125A>T"
"698cbbc7-b558-57de-bf7d-d5cf9394165d"	"chr17:g.7675995G>A"
"81bb673c-2eae-55d2-9e1e-961a22ec0bfc"	"chr17:g.7674887C>T"
"8675226e-f815-5616-a08f-b3928c5cb073"	"chr17:g.7675156_7675157insG"
"8d9147e5-a7a4-59d3-85a9-b194532e4e89"	"chr17:g.7676051G>C"
"9c5f5fcc-cc71-5886-981c-788c29958d08"	"chr17:g.7675161G>T"
"9c922061-1ce9-5731-80bc-48273c0cdbf7"	"chr17:g.7673763T>C"
"a6baa188-5d61-5168-a90e-5755ccff3210"	"chr17:g.7674197delTGA"
"ae1844b2-1fb1-5549-9200-b9750b72e496"	"chr17:g.7675077G>C"
"b4b083b5-187a-5388-a8e5-624bce3154fd"	"chr17:g.7676215G>A"
"c285e514-b5c9-5d4c-ba43-84de9b959d3b"	"chr17:g.7675084G>C"
"c80ae026-5393-54b1-a829-34c7dc312355"	"chr17:g.7676203C>A"
"ca0c9004-023f-58a7-a9ef-c5c6aea8f92c"	"chr17:g.7674859C>A"
"d688febc-1762-54c1-b3da-b5d596c8b055"	"chr17:g.7676059G>A"
"dae3fc7d-f979-5b92-a450-7066209e5b93"	"chr17:g.7669645delT"
"dc26794e-0de6-5b7a-a4c4-5a7baa0e53af"	"chr17:g.7676055C>A"
"de8bdd1b-111a-594d-8af7-b2fc0a126f80"	"chr17:g.7674247T>C"
"e9345089-b1c3-5508-8277-19e47de10968"	"chr17:g.7670712delG"
"ea11d79f-3abd-5414-ab5f-e9109c064f9a"	"chr17:g.7674191C>A"
"ea538534-cb6c-5d01-874e-8708ab0e0d0c"	"chr17:g.7673809C>A"
"edafbeae-4db4-5795-a373-a3f11c94a853"	"chr17:g.7675160G>C"
"0c3ebe28-0115-5cd3-90bd-daa3b3cca8f8"	"chr17:g.7675212A>G"
"0ca51905-1944-5cc2-b5ff-78ba80fbda2d"	"chr17:g.7675082G>C"
"12869c00-7651-5c95-9c1e-2eb0f780da33"	"chr17:g.7670717T>C"
"1b877563-5533-5d85-be6b-e3cc2410d0b4"	"chr17:g.7676071G>A"
"2515ba9f-55ea-5624-b414-9cd1d2cf3f22"	"chr17:g.7675235T>C"
"26fbda2e-df23-5c1e-9349-b16e8a2c9ac1"	"chr17:g.7674254T>C"
"31078cfe-6d22-5ab1-add1-e82d5ead7965"	"chr17:g.7673824C>A"
"430d1cb7-5d63-5cce-900d-e3f1fd483422"	"chr17:g.7675086A>T"
"476fe31c-b27d-5f7a-9277-ceddeaafe8f0"	"chr17:g.7675074C>A"
"568eea29-6f94-51ea-9cbb-8ddc96f55217"	"chr17:g.7675191A>G"
"5b4d27a0-dbaf-5f0d-97b8-1285a1bbf3d0"	"chr17:g.7673778T>A"
"5d682eb4-bd1e-5625-972f-09e1af83d072"	"chr17:g.7674918A>G"
"638c52e7-1d8d-564f-b436-5ed4f2875eb6"	"chr17:g.7673740delC"
"6697a841-a5b2-5473-be26-9ea47632fe31"	"chr17:g.7674917T>G"
"6edc8bac-50aa-51bd-9c9d-7c329adb21c7"	"chr17:g.7674873A>G"
"73832e09-cc40-5b80-99eb-612d38980239"	"chr17:g.7673776G>C"
"81528e74-9ea9-5ad5-876e-ee1f34b2c4ba"	"chr17:g.7673835C>A"
"886cafc5-8cc3-5879-bd38-9e76193c5a46"	"chr17:g.7675997G>T"
"88867191-41a9-5519-9cd6-d56980d7a7ba"	"chr17:g.7676119delC"
"890386b4-add6-5bf1-abf9-a537248ab9ed"	"chr17:g.7675095C>G"
"8eae7b55-4d6c-5863-9b5b-cc903f9ebc44"	"chr17:g.7675119G>A"
"962017f6-0ead-5a8d-b94b-d9b6009ed192"	"chr17:g.7673812A>G"
"99eee90e-3dec-5b9d-ac18-c1cc6cc5d138"	"chr17:g.7675236A>C"
"9b813ecf-7139-5058-accf-57a658c302a1"	"chr17:g.7674268A>C"
"a3369ae3-a22a-521b-b26f-5025c54d972a"	"chr17:g.7676257G>A"
"abaae316-fb8f-55da-9ae9-1c7bd88f6bbb"	"chr17:g.7675185C>T"
"af5d9b44-7740-5c8c-8694-e0cd03b00433"	"chr17:g.7674918A>C"
"b2931df0-538e-5218-b127-6dfd5986b255"	"chr17:g.7674859C>G"
"b302f7de-f349-5612-ba8e-5a1b60e3d522"	"chr17:g.7676218C>A"
"b30b6f09-ea71-5458-acd8-dbf622343f57"	"chr17:g.7673779C>T"
"b36c9038-523f-52f6-822c-89fe97143f8d"	"chr17:g.7674232C>A"
"bbc1cec6-43fc-5f8d-9c83-801261acd9ce"	"chr17:g.7675070C>T"
"bc239083-8e36-553a-b4b6-54b735ec2b75"	"chr17:g.7674872T>G"
"c0bea0ae-5700-585a-af9b-56625cef6a4b"	"chr17:g.7676056C>G"
"c20791c2-ffc4-5402-85de-1a018d3f2439"	"chr17:g.7675066delGCAGCGCT…"
"cfe3bb1b-42c3-5d59-9d85-f45af6e88ca2"	"chr17:g.7676043A>C"
"dacfaa79-c1e4-5266-9a71-22bbd4bd9af8"	"chr17:g.7673535C>A"
"dc436336-fbee-5929-96d2-e5cc93dd198e"	"chr17:g.7675139C>G"
"e0173726-be17-5f82-9c26-38dc62c59bb9"	"chr17:g.7676211C>T"
"e3827b4d-f45c-5af1-ac2f-137c956a34f2"	"chr17:g.7676381C>A"
"e6336184-36e2-50a1-9b38-c66f4678392d"	"chr17:g.7673800C>A"
"e922e3b9-8fcc-5623-afbe-9e4713b3394b"	"chr17:g.7674191C>T"
"efeca9af-d8ed-5265-94d9-5557a5f719dd"	"chr17:g.7674230C>G"
"f0f105a0-70e2-59f2-a09a-bc62d3f473f5"	"chr17:g.7673707T>A"
"f20fc067-6f4d-5577-9e56-4e49f150a59f"	"chr17:g.7670716C>G"
"f4b51599-67ac-5327-808f-f9a37d513705"	"chr17:g.7675224G>A"
"fea36020-4c3a-5275-b926-a3e486ce6f24"	"chr17:g.7674222G>A"
"ff46905d-4dd7-539e-acaf-30cf2b959f4f"	"chr17:g.7674954G>T"
"004a466d-1a91-5d19-894c-06c3d27b3686"	"chr17:g.7675156delC"
"013991ca-7984-5538-900a-887469c68e9f"	"chr17:g.7676050A>C"
"02c1357e-6eaa-5d7c-92ba-3ef918861ed6"	"chr17:g.7676088G>T"
"05668539-d593-58b7-a16f-73ac17c25ae9"	"chr17:g.7675153delG"
"09824a73-7600-5864-bf94-76879450caf3"	"chr17:g.7676399G>A"
"0a19a1da-1470-5dd1-842c-00a85f8c697b"	"chr17:g.7675109T>C"
"0a2920a6-8e4d-5042-96b6-60fafd1162b9"	"chr17:g.7675115G>C"
"0a91f12f-51ba-5e39-91ff-cb6c9c1f9b17"	"chr17:g.7673717_7673718insG"
"0b0bd8e2-9651-5d29-9ff1-628c41943803"	"chr17:g.7673533A>C"
"0f01ecde-dd47-5457-b9e8-40fd41e486c5"	"chr17:g.7674291C>G"
"0f2dd7ee-7fbe-54d0-be4c-960353e7bcee"	"chr17:g.7676381C>T"
"0f4bbb3a-9ecd-5b8a-8f27-bd6350b1e76c"	"chr17:g.7674218T>A"
"10205881-b52c-5095-b27e-5e2093ce88bb"	"chr17:g.7675142A>C"
"123ad106-5f07-51d7-bcd8-c7461b0468e3"	"chr17:g.7674196G>A"
"12c96057-1db6-5c2e-8022-b52235fc3890"	"chr17:g.7675994C>G"
"14e1362c-2a3b-5c39-a110-bb66bd0167b3"	"chr17:g.7673838C>A"
"1539e86c-54cc-5dff-bf0f-511a5bb9d7cd"	"chr17:g.7670699C>T"
"155f7c0a-ffa4-582a-9126-617466137782"	"chr17:g.7673783delC"
"1661d720-dab5-50c0-bffe-75092c9dc4d7"	"chr17:g.7675070C>G"
"1845f18c-da4c-5aec-9164-4e5d3462d331"	"chr17:g.7675233A>G"
"1b05b78b-6a13-5b4a-a27a-d7ad32e14c0b"	"chr17:g.7675217delTTG"
"1b505e3a-4257-5bdd-ba7c-b6dbb7e3c16d"	"chr17:g.7674202A>C"
"1ba3d47c-b334-52ea-994b-2b6db8ccb028"	"chr17:g.7675191A>C"
"1ce53c61-fb52-5ad8-896c-0f18cd4cd7ce"	"chr17:g.7675051A>C"
"1d1365ed-2337-508e-9e1e-45dc651d7dd7"	"chr17:g.7674857A>G"
"1edfd979-b5e2-5c21-8d14-5ead69d55f18"	"chr17:g.7674944C>G"
"1ff27d52-305d-5e25-9e1d-b0cc58c7682b"	"chr17:g.7674893C>G"
"23cc0034-2932-5361-a43f-06a3daa9f4f5"	"chr17:g.7673805A>C"
"2501802c-2ff9-5ab3-bf1b-3d01dd164a5a"	"chr17:g.7674200T>A"
"25d7f0b7-e098-5e91-b3f7-29b725125ebd"	"chr17:g.7674253A>T"
"277d8811-7b29-5479-8db4-382d20b1ae75"	"chr17:g.7674941A>C"
"3475ad0a-c930-57ec-841c-609bdb5381f9"	"chr17:g.7676028delAAG"
"372c8f9a-dfdd-5e03-857b-c98443c81f57"	"chr17:g.7673789A>T"
"3c02a9c9-c9b8-544e-8a5d-39af66681c35"	"chr17:g.7673777G>T"
"407ff3f3-822e-5fab-a5e5-165f73df2b69"	"chr17:g.7676273C>G"
"46d80fd0-98b6-5de9-a933-ebe46e73a444"	"chr17:g.7674225C>T"
"47b47c3d-cf0e-5532-b39c-dbb910d1b1d2"	"chr17:g.7675079_7675080insG"
"48a89368-1a1f-5b75-9e35-f0aa3ac2c0f4"	"chr17:g.7674878A>T"
"4d8e8575-aa3d-57fa-bad7-073bf1159a84"	"chr17:g.7675098C>A"
"4ee1d241-9411-5094-95f0-319273e6946e"	"chr17:g.7673777G>C"
"4f52c854-aaab-5b8a-93de-61121544ed65"	"chr17:g.7674886A>C"
"51d51301-e794-513d-9319-a0d2a5f318b4"	"chr17:g.7673808T>A"
"546e58ad-f200-5026-8572-0b31c1af7eed"	"chr17:g.7675142A>T"
"55f6708d-f828-5326-8328-d7d0b77ad4e5"	"chr17:g.7674217C>G"
"582a77e4-f4e3-5598-b924-7b312e32cdbc"	"chr17:g.7674947A>C"
"598cfeb8-5edb-548d-b4c4-ee2883e1132e"	"chr17:g.7676040C>G"
"59f385ee-62ab-5d13-9541-056c25058f55"	"chr17:g.7674972C>A"
"5a1550a9-c90e-5d60-96f4-10d36b731b45"	"chr17:g.7670694delC"
"5a9848b0-07e9-5dfe-9575-4d07b39fd41c"	"chr17:g.7673826A>C"
"5f6a9310-8dba-5b73-9c77-8482e771b337"	"chr17:g.7676072delGGAA"
"63ba2909-1136-5a48-9870-75985f95d35f"	"chr17:g.7673793G>T"
"64866f22-8f4c-52ce-bea1-6c97583c6e21"	"chr17:g.7675076T>A"
"64954ffe-7588-5480-af19-e1c25b37b789"	"chr17:g.7675178A>G"
"69101ba5-793e-53f0-8cd1-477d545f7018"	"chr17:g.7674220C>G"
"6ec6f8c5-0e46-50a1-a428-77fc63d39666"	"chr17:g.7674189T>A"
"7002bb08-7182-513c-9d13-c4736df794ac"	"chr17:g.7676115delG"
"72eb2d7d-ede0-58cc-826f-804eb6052c36"	"chr17:g.7675140G>C"
"754eec7b-7a41-5a74-8871-c0219f4fb437"	"chr17:g.7675993delC"
"76016514-5f6c-5c91-8658-f29574c45b08"	"chr17:g.7675209delA"
"79dfded8-0ff9-5143-abf7-882a774a00ad"	"chr17:g.7674947A>T"
"7a9bbbf8-9e1d-5753-8932-64493180308a"	"chr17:g.7674216C>G"
"7c12d13a-6826-505d-9ff3-c25d4f1d1bf8"	"chr17:g.7674263A>G"
"7e113971-c6de-5ead-a432-2a653dcbb575"	"chr17:g.7676055C>T"
"81dd0c97-5f92-503d-b511-00cfe49b9612"	"chr17:g.7674242A>G"
"885309b6-e2fb-51e3-b7a4-c8fc35c361f8"	"chr17:g.7674950A>G"
"88c92edc-812c-54f5-9bd6-c3a163d35481"	"chr17:g.7675214A>T"
"8b6212e3-12b9-5b51-b7cb-e7bdac8d6fc9"	"chr17:g.7675209A>G"
"8dbeaa7f-ef28-5bf7-aa59-6b1ee0e2d24c"	"chr17:g.7674885C>A"
"923efee2-a8ba-5790-88c4-94f87aff326f"	"chr17:g.7674950A>T"
"92c759c2-b7fc-571f-b1d0-fb14032afb27"	"chr17:g.7676185C>A"
"94f46c88-2d2c-5df2-b20e-d8ed792afea5"	"chr17:g.7676241delA"
"982937b0-4bc1-559c-ae7b-3d2e6a9591c4"	"chr17:g.7673540delG"
"9a07bdd3-5eac-5213-9443-b9551c3bc9a2"	"chr17:g.7674268A>G"
"9a5d2747-aff0-5227-8d9e-0e707a97932e"	"chr17:g.7676011T>C"
"9cafe56c-e338-5602-a401-feb5166d706d"	"chr17:g.7675131C>A"
"9e7b7e2c-7394-57a3-b06b-2415032edfea"	"chr17:g.7675051A>G"
"a58a2812-5437-5cef-9d37-5c4bb90f6288"	"chr17:g.7676088G>C"
"a8790a03-a2f1-5ea0-901a-4df85a8a0d63"	"chr17:g.7674895delAA"
"acf44cff-26f0-50c5-9fb9-db3844e3fdf7"	"chr17:g.7674255G>T"
"b37f871d-6469-5d9b-a6ca-088c3aba1a4c"	"chr17:g.7675092T>A"
"b4ba75cc-633f-54c1-b39f-4151ca2ec90f"	"chr17:g.7674878A>C"
"b509144d-32d8-5951-8e08-77c80162fcbc"	"chr17:g.7674238C>G"
"b98bc106-3f38-5f3a-bbc6-c6248d41b555"	"chr17:g.7675146G>C"
"ba3d6127-a4a1-551e-ac36-dfc0ca832c63"	"chr17:g.7676037A>G"
"bf3a015c-b0de-5511-8945-c88a1f0dc1fc"	"chr17:g.7675057G>A"
"c95b48e4-b73a-5301-be98-a81cbba307fa"	"chr17:g.7675101C>T"
"c9cae4e5-8f22-50a1-8815-8936f38f0e45"	"chr17:g.7673609C>A"
"cba2528a-7bc0-505a-a63e-075555a8b91f"	"chr17:g.7673547A>C"
"d2d05c0c-f83c-5d32-9179-51e2e76505c9"	"chr17:g.7675161G>C"
"d5f5c924-d089-5fdd-a21b-29b38397fd05"	"chr17:g.7674942C>T"
"dc0bbb77-12b5-5bed-8ee4-e2f357f79dcf"	"chr17:g.7673793G>C"
"dfd087a6-f8ec-5a9f-8b14-a8dc050ad9e1"	"chr17:g.7673535C>T"
"dfd8f664-6c10-54f7-aa96-9247112ea409"	"chr17:g.7674248_7674249insA"
"e0c9cd07-0871-56d2-a441-731fe80a09c0"	"chr17:g.7674193A>T"
"e1de0c43-21fc-5019-8a9b-8bd0c492a96e"	"chr17:g.7674888T>C"
"e6dce2dc-a536-5957-acd7-966149d557e1"	"chr17:g.7674226A>C"
"e6e1ee0e-a887-54cb-a203-bfc708594304"	"chr17:g.7675236A>T"
"e86d280f-8d8c-5512-89ef-9c5fd4fe4bff"	"chr17:g.7674291C>A"
"ed5c7cb7-c11d-593c-b870-86e8bb3a6d67"	"chr17:g.7675125A>C"
"eef7e1d5-06cc-5285-981d-13810326451b"	"chr17:g.7674918A>T"
"ef1ff415-d437-5a6d-b8f3-15a967957fe8"	"chr17:g.7673838C>T"
"f2e30e70-49a4-5983-993d-14e20c30d926"	"chr17:g.7676264_7676265insA"
"f62404af-feca-5f94-b593-1ddad4d24b87"	"chr17:g.7676018delC"
"f95935b9-8659-5854-a5f3-905883116c28"	"chr17:g.7674239A>T"
"fa88dc51-9297-58c3-9b79-10683027df1f"	"chr17:g.7675184A>C"
"fe194c94-7da2-5613-bf04-a46b9a155e5f"	"chr17:g.7676196delG"
"fee02c55-2c4e-5c01-809f-97f7ee215182"	"chr17:g.7674951G>A"
"ff80ff4a-dac4-59b0-a85e-8360d4fc33f6"	"chr17:g.7670709C>A"
"ffec3be8-a6c7-5d99-ad06-c0b9b9fee688"	"chr17:g.7675192delG"
"00d47ff7-83dc-5787-833f-f2ad5007912b"	"chr17:g.7675130G>A"
"0127d067-1749-5ab6-ac2b-a931ba8621aa"	"chr17:g.7676380A>C"
"02fd9204-0cb3-5fcb-9b84-e7d45760a6dd"	"chr17:g.7673799A>T"
"0482481d-b481-5a5d-b6ca-b9f5d65642c6"	"chr17:g.7674973T>G"
"089263f0-cbe9-5619-a0b6-f1675fe1e8f4"	"chr17:g.7673747delC"
"08e60ed4-feaf-5e49-8cf6-3782f086745f"	"chr17:g.7676017_7676018insC"
"09751248-be6c-583f-93cc-66eb1539a305"	"chr17:g.7676127_7676128insT"
"09ceaba5-55e4-544c-b4d2-8fd66d885cb2"	"chr17:g.7673709delG"
"0bfe6c93-effc-51c7-8683-0fd5da69e14a"	"chr17:g.7675097A>T"
"0db16eb9-0aa2-5a9d-b279-1300775af3b4"	"chr17:g.7673759delCTCTTC"
"0f3a2188-a005-5b2c-9f42-b3847b8364f8"	"chr17:g.7674947_7674948insT"
"12f10b41-266e-5f75-8550-1f7f418c5f02"	"chr17:g.7674924C>A"
"1402679e-a8f5-510b-b0ec-4c81b0bb7428"	"chr17:g.7674281_7674282insA"
"145bbbc6-46da-5f52-91fe-32e1f16500f4"	"chr17:g.7676065delT"
"15f284f3-2a2e-5da3-9dbb-c39a9b761e85"	"chr17:g.7676005_7676006insA"
"16442439-3faa-5665-877e-bb1c73f31025"	"chr17:g.7674861C>A"
"17a298fa-7a3c-53a3-9662-7950a5627d4f"	"chr17:g.7674206T>C"
"17dfb41d-0ef8-5fcc-95a7-6e87b2b9faef"	"chr17:g.7675238T>A"
"191dd015-f9ef-55fb-8d83-3495e35809a5"	"chr17:g.7674263A>T"
"1b6212bc-58e5-5949-ae98-989a70f2f3f7"	"chr17:g.7675195C>A"
"1ba5aec3-15dc-5b27-98ba-b5ff0636022e"	"chr17:g.7673744delT"
"1c89376c-f9e0-56f2-a14f-a66cda048da0"	"chr17:g.7674949delA"
"1d61d710-911a-5011-ae87-d7ccbabc78eb"	"chr17:g.7675140G>T"
"1e3905b3-ef77-56cb-bd35-4eb595e6e5e6"	"chr17:g.7673533A>G"
"1e530687-8354-59bf-a1c3-128028f80f22"	"chr17:g.7675220T>C"
"1e72bf8c-d95c-502a-9311-b56f1d32c1d9"	"chr17:g.7675992A>T"
"2342df35-bfcc-5acf-abea-becd3c9b4855"	"chr17:g.7674199A>C"
"246a5cc3-4273-52e9-9bfa-65a977988df4"	"chr17:g.7673534C>G"
"251c17a0-848e-5edb-b80e-32bc1cf4925e"	"chr17:g.7675173delC"
"25521c93-f9f5-5c7f-983f-ffbb92a68e10"	"chr17:g.7673799A>C"
"25d29634-21ae-57c6-88d2-3fefd34d0014"	"chr17:g.7674239A>C"
"2682275e-024e-5256-95ce-536c486be2ff"	"chr17:g.7675144delGCGGGT"
"26851fd2-d36f-5f8f-ae58-f8aab836859f"	"chr17:g.7676274T>A"
"29cb2a41-02d4-56cb-b4c4-5c8d41889094"	"chr17:g.7674902delT"
"2d3373fe-cd6b-5afe-b9aa-ab5285690639"	"chr17:g.7676048G>T"
"2e39a683-f491-5b01-a880-3e506f380142"	"chr17:g.7675109T>A"
"2f9ecc98-ac74-550c-bb8b-4495554a764c"	"chr17:g.7673544_7673545insA"
"3066bd0f-c29a-512b-8730-24a6ea249323"	"chr17:g.7676037A>C"
"34cf1413-a2e2-5a1c-b786-dbb3dce21c3b"	"chr17:g.7673568C>T"
"3528408b-6960-5b18-bd8b-640ccc719db6"	"chr17:g.7674873A>C"
"35adf94e-ea3e-53d1-ba24-004a68959a0f"	"chr17:g.7670699C>G"
"35dd41a5-1825-555a-8d06-3452560575ee"	"chr17:g.7674239delAGG"
"36f9a7cf-d1d6-53a2-9021-90183388701d"	"chr17:g.7674242delA"
"3b498d6d-a8f9-5cd1-8e90-60166a7b4c9a"	"chr17:g.7673582delGA"
"3c2edf5a-074c-5fdc-bbf4-f2e060b72af9"	"chr17:g.7676274T>C"
"3c4c36f4-51f0-5c12-97d9-893730c858ee"	"chr17:g.7675997_7675998insC"
"3c512d15-23dc-5745-a857-048cb5707db5"	"chr17:g.7669668G>A"
"3c6d0a3a-12f8-5718-823f-9eadf3b95644"	"chr17:g.7676032A>C"
"3dba5b70-2d27-52ac-8862-22c91ca915cc"	"chr17:g.7670680delCT"
"3e44dc9b-f5f6-510b-9728-91053c38a6ec"	"chr17:g.7675205T>G"
"434717f1-327a-580d-88e8-d7a1225661a3"	"chr17:g.7675084G>T"
"437d46de-eff2-5295-8081-595a391fe96a"	"chr17:g.7676043A>G"
"439c591f-7363-55c2-87f0-b43747e19bf2"	"chr17:g.7676047C>T"
"43ae3a6f-2d37-5136-9e3a-3f56fd2a3ed5"	"chr17:g.7673821G>C"
"447d987c-ba42-5a55-83e1-0de1935ebe27"	"chr17:g.7674936C>A"
"4584314d-8bcd-502d-9458-97f8dff9b406"	"chr17:g.7670716C>A"
"4609dd5c-2862-5d75-acb4-2281eb07a656"	"chr17:g.7676145delG"
"461d02c6-1285-51cc-9cf3-ba842fac56de"	"chr17:g.7674929A>T"
"46ef6e9e-566f-5a8a-b262-a7c86a650a21"	"chr17:g.7673535C>G"
"4714133b-3e82-53b2-a8c5-8a07d40398b5"	"chr17:g.7674973T>C"
"48db8c26-0245-578e-ac4a-27fd0ccbb7ee"	"chr17:g.7675153delGGGCGGGG"
"48f6ae37-5249-5760-b31e-483c7387cfc4"	"chr17:g.7676257delG"
"4c878442-c97b-560d-bf92-206d6954ca19"	"chr17:g.7675140G>A"
"4ee678b1-dc55-5453-8703-232019856f2f"	"chr17:g.7674211A>C"
"4f0fe9cb-ffed-54ad-8d71-87b715fca2fa"	"chr17:g.7674268A>T"
"525a4b65-f534-5dad-b579-f86eb4e10263"	"chr17:g.7674857A>T"
"53930f86-bb17-5ef8-9c71-eed16d508c6b"	"chr17:g.7670681delT"
"54525f49-d4c9-56d4-ace4-3489076928d3"	"chr17:g.7674257A>C"
"5778aecf-a8e8-5be2-bc1c-2148dd4d0e2c"	"chr17:g.7674252C>G"
"57c264f1-273d-5066-9f90-324dca1e4354"	"chr17:g.7675075A>C"
"587f8573-4c9a-50b2-a091-b85b5406da0b"	"chr17:g.7675223A>G"
"588c79cd-a0e0-544b-a4d9-8cdf9ebcb2a6"	"chr17:g.7674966delC"
"5a17132f-0c74-5f9b-9c52-3c7083819d3f"	"chr17:g.7676044A>C"
"5c4cdb05-08ac-5fc8-9fea-1b659363fb26"	"chr17:g.7674213delG"
"5fe3296f-6a6b-59a5-a531-3a84071958d0"	"chr17:g.7675074C>T"
"5fed6d47-38dd-5c29-b988-70ce48d0a132"	"chr17:g.7674946G>A"
"63b0ce7e-0067-54c9-8745-fcf5aec03a08"	"chr17:g.7674207delGAG"
"64603ae9-784f-52aa-a903-5442a83b5897"	"chr17:g.7674205_7674206insT"
"6526c4a5-3402-5681-ba85-517110838abf"	"chr17:g.7676046delC"
"6691a4b7-c94d-513c-8664-64c44f743d7e"	"chr17:g.7676092delGGGGCCAG…"
"6743efb3-6902-5942-9793-3561122fe434"	"chr17:g.7675159delGGGTGTGG…"
"67be0814-6a6d-5dd3-a2e5-ec4d0202ed60"	"chr17:g.7674209delG"
"686de337-7fdf-5b33-9f30-1577aa805ca1"	"chr17:g.7675221delTGAGGGCA…"
"69845042-7863-5098-93f1-4da08d20f0d4"	"chr17:g.7675996T>G"
"69b13289-7f89-53b5-af11-c22dbc68a401"	"chr17:g.7675184A>T"
"69f588c5-1a70-51e6-aeff-321010014385"	"chr17:g.7673545delA"
"6aa90a5a-2ca0-58c1-ac50-5897c52f7508"	"chr17:g.7676177delG"
"6c9de00c-fb12-515f-847e-08adf6407bcf"	"chr17:g.7674243A>C"
"6dbb88b4-8ec1-5005-b304-353078b85448"	"chr17:g.7675090delC"
"6e040409-6b17-5ffd-9618-8c4fb8fae24f"	"chr17:g.7674899delGT"
"6fd77109-6710-5692-9ea6-395de40c8ad7"	"chr17:g.7675223A>C"
"702183fc-6453-5750-9923-7bc424394f7c"	"chr17:g.7670716C>T"
"70386607-f46c-5975-bffd-72c87f805c78"	"chr17:g.7674240delGGAACTGT…"
"722d0068-0878-5621-a34b-8b0f5e902bcc"	"chr17:g.7675993C>G"
"728e4bd9-587f-5fca-94c6-1406d006fca8"	"chr17:g.7673794C>G"
"754abd61-b5af-5a92-b12f-dcb0bcbfb269"	"chr17:g.7676037A>T"
"76aefb21-4267-5d81-b107-657e75c86067"	"chr17:g.7674191C>G"
"7910c4f9-c569-5924-a487-55f3c87a8531"	"chr17:g.7675178A>C"
"7bb7c158-8ec2-522e-8429-7b6ccd5ad878"	"chr17:g.7675195C>G"
"7d13af4e-0ad7-5607-beb5-3cc130bfae02"	"chr17:g.7674180C>A"
"7e945065-dd04-5ae0-ad02-398ad52d7bf4"	"chr17:g.7674208A>G"
"8018c48e-5cb0-58b2-82b0-a251be812610"	"chr17:g.7674217C>T"
"81e64f4f-8fdf-59f5-8c50-776aad37f2b3"	"chr17:g.7675236A>G"
"84116a62-6b82-5f82-b6db-d11daf752c56"	"chr17:g.7674877delCAC"
"84b6f920-bf58-529c-b6b6-1d23cf3ab7b8"	"chr17:g.7673797A>G"
"88342a68-fbda-5968-a13b-e130e35d4751"	"chr17:g.7675184A>G"
"89bc82d7-ff8b-5874-8a33-fb70bd52530a"	"chr17:g.7670707delC"
"8a3ad959-f6a6-5ca8-b0c7-9c2640d60bcb"	"chr17:g.7673826A>G"
"8e622118-2691-5a4f-bf97-810f76b7af86"	"chr17:g.7673610T>A"
"8e6ce9c2-a47a-5f26-a3cc-4c76130a69bc"	"chr17:g.7676400delA"
"8f22799d-7816-55b5-bff0-d70b27c52ae8"	"chr17:g.7675093delCA"
"8f88d53b-7cb7-5355-b065-13d129c4f12a"	"chr17:g.7673763delTCCTCTGT…"
"93e397d6-168d-5c07-8d58-72ac63e19cfa"	"chr17:g.7675238T>G"
"957682e3-9e49-5faa-bf37-cb7f2824eb4d"	"chr17:g.7674942C>A"
"97a15b18-f763-5cbf-ba07-32cedfe39ace"	"chr17:g.7673778T>G"
"99ce9242-b5f7-5684-b921-640b28acf3cb"	"chr17:g.7670705delC"
"9c720eea-148d-53e3-ab19-bbd0dff28989"	"chr17:g.7676041delG"
"9e2d13a3-55eb-542a-a7b7-40f7a778ff37"	"chr17:g.7675217T>G"
"9f6e82fa-5c85-5ccd-a2a6-079bc2f25715"	"chr17:g.7675111delC"
"9fceef50-84ec-5037-ac24-df9a702a1499"	"chr17:g.7674257A>G"
"a0677cf6-66d1-5882-8845-d22df58e7224"	"chr17:g.7675185delCAGGGCAG…"
"a15b2954-597e-5ad4-b1a0-7d13903f829b"	"chr17:g.7673610delT"
"a2fcdab3-b42e-5051-b3d1-bf32779a2e7d"	"chr17:g.7674946delGATAAGA"
"a2ffbc12-a563-55e2-a30c-f809f113d04a"	"chr17:g.7674961_7674962insG"
"a6f51a91-fd59-50f4-b3b8-e603d54d49ec"	"chr17:g.7675094A>C"
"a7ab1f48-07c4-597a-bd2f-be2b5c64fa3d"	"chr17:g.7674932delT"
"a841505e-8903-5005-96b9-0e1fa918035d"	"chr17:g.7675207G>C"
"a85958c0-a9bb-56e7-aed6-be62029fd6dd"	"chr17:g.7670717T>A"
"a9955da3-e5eb-5c79-b55b-82b16efc5d1c"	"chr17:g.7674251A>G"
"aa2804b3-5f1b-58e2-8e61-d5df0b11a029"	"chr17:g.7673803G>C"
"ab27acda-5d93-56c8-89fe-c436a8d1e58a"	"chr17:g.7669692T>C"
"b1bc527d-d683-52e5-9501-728327fef393"	"chr17:g.7675079delT"
"b1f1aed2-9a95-5b9b-8041-1cc608b90f0a"	"chr17:g.7674288delA"
"b24e294b-aa81-5d38-84ac-ab664e1a795d"	"chr17:g.7675097A>C"
"b2d40950-dcc9-555d-88d4-105a9daf47cc"	"chr17:g.7675071G>A"
"b4bed6c3-ab2a-55f4-bca9-cde31f06c1db"	"chr17:g.7675218T>A"
"b5c6cd05-3ef1-50cc-97dc-1f651236d57b"	"chr17:g.7675140delG"
"b61034a2-46f7-559c-9417-cec952ac4e9b"	"chr17:g.7674973T>A"
"b97982fa-c398-5237-8f69-e6b785951946"	"chr17:g.7673796C>G"
"bb77e05e-fe44-5091-97dd-d7876aeca0b6"	"chr17:g.7674884A>T"
"bb7d9efa-22f0-5f30-af6b-8d522717156d"	"chr17:g.7673555C>A"
"bd19fbcf-e238-53be-bd13-26174f2e6f84"	"chr17:g.7674864delGC"
"c81da402-8d42-5cbc-9735-3442f13adafa"	"chr17:g.7673787delG"
"c99095ce-aa4d-575d-b1ac-569c0924db41"	"chr17:g.7673765C>A"
"c9a4693c-7cb6-57ea-8677-0662835cb0c8"	"chr17:g.7675130G>T"
"ca30382c-ed90-58e4-bc33-f5192df12afc"	"chr17:g.7675219delG"
"cb509705-efc8-5b9a-95ba-e62b9736f960"	"chr17:g.7673746T>A"
"cb606527-9cf6-5903-bd75-cd65d835a816"	"chr17:g.7675207G>T"
"cc9cbd94-729d-5dfe-9d0c-b789072bfa36"	"chr17:g.7673812A>C"
"cd8c71ec-f350-5ae7-a8e1-eade709f0d41"	"chr17:g.7674908T>C"
"ce484239-548c-542a-b562-78db7ec21216"	"chr17:g.7674196_7674197insT"
"d0d472ca-90f5-5153-a723-3d23a54f4d68"	"chr17:g.7676041G>A"
"d17ee435-6d92-5273-9c1e-8c006e0b6f95"	"chr17:g.7675143C>G"
"d8131d55-c6ec-540f-a487-ca05995dbe72"	"chr17:g.7674917T>A"
"d8ee980b-ed65-50b7-a9a2-227030c185f8"	"chr17:g.7670658T>A"
"d917ef61-b6f5-510d-a736-b0b414cca8ad"	"chr17:g.7674234C>A"
"da0b705f-cf59-5ec0-90a3-17099dc11615"	"chr17:g.7675082G>A"
"dac2f5dd-64f8-50aa-8e64-caa687a4d010"	"chr17:g.7675064delGAGCAGCG…"
"dae5cfe0-5e97-57e2-b1f2-ad001327be38"	"chr17:g.7670717T>G"
"e016ba01-07d8-5b97-be44-532110a53763"	"chr17:g.7673835delC"
"e2a96cbf-d5d1-5757-86d4-af8dc8d1497f"	"chr17:g.7675146delGGGTGCCG…"
"e342a3b1-dddf-5db3-ba2e-25c6910385a0"	"chr17:g.7670700G>T"
"e5fb7f7a-8f5a-59d6-adb9-5193949454b0"	"chr17:g.7673592delG"
"e8b89536-9e19-54a2-b1ba-69f28ddd4886"	"chr17:g.7675105C>T"
"ea35121f-3bc8-5142-b2d9-cdecd9f18580"	"chr17:g.7675053C>T"
"ea6aeddf-8ea1-5381-80f1-00318e8313e9"	"chr17:g.7675136G>T"
"f135cbae-867a-59df-a7f6-1f70f3e772f1"	"chr17:g.7675078G>T"
"f155254c-98e1-5715-9c85-2fea4619d53e"	"chr17:g.7673780T>G"
"f42bd475-71e1-57ec-b5b4-f63e86c1af4a"	"chr17:g.7674221G>C"
"f570a464-06bc-5bb3-be14-259a577e0414"	"chr17:g.7674906T>A"
"f8cfc977-4852-5ee3-b54f-d450580c48e2"	"chr17:g.7675235T>G"
"f91ebd70-35da-5f13-b842-97aee06535be"	"chr17:g.7675085C>G"
"fcbe4eb6-1bd2-5fb2-9e4c-6981e3de6d5f"	"chr17:g.7673823delC"
"fd97568b-09c3-5525-a24f-ba4fb4faba16"	"chr17:g.7674921delC"
"fd9bedc0-c17f-5a2e-bc99-ebbc6cc9b0d1"	"chr17:g.7675237C>A"
"000fb903-f3c3-52c1-b520-75b97facea86"	"chr17:g.7675083_7675084insGCA"
"00c8158a-d9ea-5b63-b558-034339ff3bef"	"chr17:g.7675197T>A"
"01206957-9a94-5f8c-88a1-484a7855c3a0"	"chr17:g.7676144delA"
"01439320-4033-5693-93d3-aadf4a4cba07"	"chr17:g.7670699delCGCTCA"
"018f4e1e-12dd-5cf3-a964-211adfe3f10d"	"chr17:g.7673792delG"
"01a7b74b-4172-554a-b22f-17948a8509c4"	"chr17:g.7670690_7670691insTCAC"
"01bb25e3-fa0d-5cb6-adaa-f5e1451ad4c7"	"chr17:g.7675145delCGGGTGCC…"
"01d9424c-5c7a-5bae-856b-683ea8578c7f"	"chr17:g.7673590_7673591insTGGTGTTG"
"01e1aaf1-0d63-5375-b929-4ae3529101f4"	"chr17:g.7675077delGGTGGG"
"02612a16-81be-51e0-90bf-d261ad286bd8"	"chr17:g.7676212_7676213insT"
"0295c963-1944-51f9-a61f-a9c03815bec8"	"chr17:g.7675120delC"
"02e0b20b-6b7b-55ca-b38f-d7448cc1a2c5"	"chr17:g.7674928_7674929insA"
"02e0f25a-4c8e-51df-8268-489085600ea5"	"chr17:g.7669691C>T"
"02ffa0a1-5fa5-5295-ae56-209ff4325132"	"chr17:g.7676273C>A"
"0442f240-91aa-58c3-a239-0fafa05cdb4c"	"chr17:g.7674249A>C"
"044b23c7-fea0-53d3-9039-36940b8ae155"	"chr17:g.7674949delAAGATGCT…"
"0468db8a-7cb0-5520-aabe-760f7980cb96"	"chr17:g.7670682delCTCGGAA"
"04cc00c2-efaa-5c2b-bf81-08f7599bb911"	"chr17:g.7675097delACCTCCGT…"
"04fcf4e0-fd90-528c-b6e5-b207b8411361"	"chr17:g.7675146G>A"
"0534f1e4-4e9b-57d5-b039-6e74a311a5d7"	"chr17:g.7674201delGATG"
"0537a366-027f-5006-a32f-c97061047a74"	"chr17:g.7675188delGGCAGGTC…"
"053e3902-410c-5a4f-8434-3627505c0d4f"	"chr17:g.7673590delC"
"05a946a5-f4b4-5fd4-8413-37b0e0a11b22"	"chr17:g.7673705delCTTAGTGC…"
"05b9e0ca-d320-5a63-95f9-ee9f5673f3f4"	"chr17:g.7675166_7675167insA"
"060c7eb4-7262-5c1e-9657-c071f196eb28"	"chr17:g.7674248delTAC"
"06c9b816-5372-5c5e-b7cd-f62ca975c447"	"chr17:g.7676261delC"
"081d48f0-2a33-50c3-b72c-cb167f3ad892"	"chr17:g.7673608delGCTAGGAA…"
"089fcffa-67c3-5e15-b751-cc0c43037f9c"	"chr17:g.7670699delC"
"0970ba47-4625-5534-8842-2a87cd58eb52"	"chr17:g.7674897delAAG"
"09711770-084d-52a9-9708-da41607f9169"	"chr17:g.7673713delT"
"09c755e0-4a6c-571d-8d7f-4b193a1051f3"	"chr17:g.7673730delT"
"09cf8c14-3fbe-5b20-96db-9df80cb3f012"	"chr17:g.7674238_7674239insAGG"
"09fec629-ed26-5a10-8f7f-2c926f77e5f4"	"chr17:g.7675164delTGGAATCA…"
"0a9d85f4-b73e-5c58-af04-a35fcbad070e"	"chr17:g.7675177delCAGCTG"
"0aaecdaf-77e8-569f-874e-bdf9ff9d060c"	"chr17:g.7674954G>C"
"0aee0cbb-e52a-5bc0-8ca0-4d9f1b4f97d9"	"chr17:g.7676076delGGGACAG"
"0b04c037-f913-52b4-9621-ffc457f2e884"	"chr17:g.7676190delG"
"0b153e2b-7e2d-5694-92a2-ecd25964c6ba"	"chr17:g.7675123G>C"
"0bb53d0c-f684-523b-a4ce-e95b204697e7"	"chr17:g.7674905C>A"
"0c6e13a8-cfff-547b-814b-733f60886745"	"chr17:g.7670663_7670664insCCAAGG"
"0d7a0f68-89af-5996-b7de-90a64552ec9f"	"chr17:g.7674881_7674882insCC"
"0d7e1a07-012d-5112-97fa-0988cb7b9ac7"	"chr17:g.7674281C>T"
"0ddd5e82-48e1-5b45-960a-11ab4ef78dcf"	"chr17:g.7674199A>G"
"0e64faec-26b1-51d4-8c3a-9f3bffaf314e"	"chr17:g.7675177delCAGCTGCA…"
"0ebd4e07-9b42-5d97-90c4-8930f897ffc1"	"chr17:g.7673747delCTTGCGG"
"10b7d99e-ff1a-5ee3-9d96-9a4842abd70c"	"chr17:g.7673769delGTGC"
"10f4c042-6486-555c-91d2-83b110cee1bc"	"chr17:g.7676204delAGTGAACC…"
"11407928-c6f6-5521-97dd-a886556602cb"	"chr17:g.7675079delTGGGGGCA…"
"1147dcd8-1909-5fbc-ac31-d8abba243663"	"chr17:g.7673812A>T"
"119c0dcd-3211-55ff-8cf6-68c5a906a160"	"chr17:g.7675218T>G"
"11b7a5f2-a357-50f1-b951-c7eb99a09e5d"	"chr17:g.7673778delT"
"11de37be-6076-5b45-a88d-a9641d63ab45"	"chr17:g.7676210_7676211insA"
"11f16334-8bc4-56e9-ab44-5d7d107aa5f1"	"chr17:g.7675214delATCTT"
"123e4f0c-23f7-52ef-903d-19e6f149338d"	"chr17:g.7673776delG"
"1256ec0b-9e4a-5b43-8a74-f75349bf6c44"	"chr17:g.7675145_7675146insG"
"12919b43-0816-55c0-a6a8-0d8989c2187c"	"chr17:g.7675182_7675183insT"
"12a529ef-43af-5b62-8e76-0f46bc1f7a7c"	"chr17:g.7674912delC"
"139e15e1-e39a-5157-b8c1-165af2f6ac6f"	"chr17:g.7675216delCTTGTTGA"
"13aaa61c-72d1-58ac-8418-be5c0ca7e402"	"chr17:g.7674244_7674245insT"
"141185f5-926c-5c72-9a20-80331b128362"	"chr17:g.7674876_7674877insC"
"14a428b7-9f18-52d0-9ef4-0dfdfe8f118d"	"chr17:g.7674198_7674199insA"
"14c8b7e3-412b-5fc8-820c-98ffb10c2c68"	"chr17:g.7675083G>A"
"14f3d417-4c3f-5c5f-aff3-5fed80fe3bd7"	"chr17:g.7673568_7673569insT"
"151d2faa-5f03-5917-86eb-770546e2c071"	"chr17:g.7674212delTGG"
"1558f859-b0cf-59cd-b1d0-327d94d18d55"	"chr17:g.7675102C>A"
"15840b0e-3720-5058-af39-304b3b19d7e9"	"chr17:g.7676161C>T"
"15e45092-b6d0-551b-a8b6-0eed1af20cb1"	"chr17:g.7675188delGGCAGGTC…"
"1611637c-71fb-55f8-8859-ae77d0a5e867"	"chr17:g.7676385delA"
"16329634-8547-53f2-8afb-04ab3da401f8"	"chr17:g.7675152delCGGGCGGG…"
"1637c41d-13ef-5671-ba69-07f8a48ecb9e"	"chr17:g.7673595delGTTGTTGG"
"166fcfac-b6dd-53f2-9485-29e044452b9f"	"chr17:g.7673775C>T"
"1741eeb4-1cfc-5922-a753-4063252f118a"	"chr17:g.7676153delGGGGGGAG…"
"1750c6c0-c6a8-5067-b9da-15b933ac2a1e"	"chr17:g.7673775delCGGT"
"1775dfdc-f317-5e9d-b691-a0e3156f5319"	"chr17:g.7673837delACTACTCA…"
"17d008e4-ec5f-50ba-a92e-3f36c1b24543"	"chr17:g.7674798G>A"
"17ea634c-2588-5be1-ab9d-bd9b9f5d4fc9"	"chr17:g.7676398G>A"
"18144d65-3792-563f-b6c3-94e4ca562cb0"	"chr17:g.7673738delCTCCCCTT…"
"185d5e44-1f26-577f-8dfd-b4d7275c373b"	"chr17:g.7674916_7674917insT"
"18628a9a-a5bd-5ee7-bac2-06d8ac3239ff"	"chr17:g.7676203delC"
"189d3b9d-bf05-59a2-a0a0-d493296d1453"	"chr17:g.7669641delTGAG"
"18e54487-52b6-517f-8b25-2ee6ba188baa"	"chr17:g.7674268delATGGTGGT…"
"19a36c2c-7963-5bb1-aefe-2215cb688c41"	"chr17:g.7674199A>T"
"19d6bfb0-26c3-5e6e-9a63-143a78b32837"	"chr17:g.7676217delTCAATATC…"
"1a1b0942-a4e2-5393-a372-0b70378f1415"	"chr17:g.7675220delT"
"1a322a1f-0ff3-5925-a1ee-ba75561b9d96"	"chr17:g.7670712G>A"
"1a43691e-529a-508f-8992-5c1e07687d23"	"chr17:g.7675187delGGGCAGG"
"1a44e42d-8571-57e1-ab89-95e2b95673cb"	"chr17:g.7674862_7674863insT"
"1a5d219d-87d7-59f3-a9a9-331d63b53156"	"chr17:g.7673795A>T"
"1a8ba5f2-a970-5f3c-9531-e7ce7bf6738d"	"chr17:g.7673839T>G"
"1b143c77-a28c-5682-998e-8e5378aff306"	"chr17:g.7673825C>A"
"1b9e8c84-ec52-56c3-880a-c9872cbcd2aa"	"chr17:g.7675181_7675182insA"
"1bfb6e83-8d24-5c72-8abf-a13b1ad581fc"	"chr17:g.7676040delC"
"1c321a07-8880-5e68-a380-6888e966edc5"	"chr17:g.7673743delCTTT"
"1c4dad33-40cc-58d0-9d8c-4d808cb33401"	"chr17:g.7676041_7676042insGA"
"1d43a2aa-893c-5892-93e4-34ae8c5e9a89"	"chr17:g.7674908T>A"
"1d7e14fa-52d9-541a-9845-a4adbf4d5269"	"chr17:g.7675206delGG"
"1dd5c102-2a54-5666-810e-848dad3dcbcc"	"chr17:g.7675158G>A"
"1e4f7f1a-f0a2-528d-b467-ac001dd75cc2"	"chr17:g.7675142delACGC"
"1e61de6c-37b0-541f-88e6-565db26ef7b0"	"chr17:g.7674188C>T"
"1e88f328-4e29-5d4a-acb8-90da53b727ff"	"chr17:g.7674886A>T"
"1e8b0380-58b1-504c-87b2-f880f3b4f702"	"chr17:g.7675148G>A"
"1e9a1b9a-babe-5f4d-be74-91f485b53438"	"chr17:g.7676121_7676122insCCGGT"
"1ee52744-3297-5bda-97f1-779b6e07c1a1"	"chr17:g.7674262T>G"
"1f3f8b21-ee01-5b6a-b54b-96c7fa6ef2ee"	"chr17:g.7675180C>A"
"1f437f3a-31bc-5852-b06f-2f45e903de41"	"chr17:g.7673832delT"
"2040ecd6-c50c-50f5-b57c-1f790459d380"	"chr17:g.7674962G>C"
"207aa852-d722-5044-9fc7-8d08ea08a052"	"chr17:g.7674919delCT"
"20aaad74-8e61-53f1-8f59-e5186d9b2241"	"chr17:g.7675054delA"
"20cd3a9f-0aa0-5a73-a84f-316179b7f8dd"	"chr17:g.7674922delCA"
"212f20ee-1ddc-57c2-83e4-c0bcce7904d0"	"chr17:g.7674193A>C"
"221145d9-0f25-5fe7-90b2-939122c8861d"	"chr17:g.7675078_7675079insT"
"22663546-1f1d-5fbc-b993-118dc24fbdea"	"chr17:g.7674255delGTA"
"22d46f51-da67-5892-86fc-d6131f2eb55b"	"chr17:g.7674948_7674949insA"
"22e67414-2ebb-5bcc-a3e7-9ba97fc18660"	"chr17:g.7676139G>A"
"23503ff5-ff02-5007-90fe-0df9cc1b7a1f"	"chr17:g.7676088_7676089insAC"
"23725145-e866-561a-8e76-3b3b564fce27"	"chr17:g.7676012G>C"
"23bed52c-4b4c-5254-8229-77fcc149c66b"	"chr17:g.7675144delG"
"2449803a-d915-551e-94ef-1903c83c031a"	"chr17:g.7674909C>T"
"25268646-dab3-5a04-9917-fbc2e8ff6d54"	"chr17:g.7674251A>T"
"260cc7ba-7824-54f5-889c-81b922ce511c"	"chr17:g.7674861delCA"
"264babfa-380e-506e-8379-81197d5fa8db"	"chr17:g.7674923delA"
"26743089-079b-570e-b6aa-22f81c6d4a9a"	"chr17:g.7676200_7676201insTT"
"26c721ad-306f-5113-b801-bcf9f48b9dc6"	"chr17:g.7674227delTGCCGCC"
"26d10616-414c-5104-9695-b46857a78e96"	"chr17:g.7673783delCCCAGGAC…"
"2737adad-1d93-5e2f-98bb-2f7164e808f8"	"chr17:g.7676217_7676218insC"
"274edd55-72f9-5e66-9aca-205c5eeac765"	"chr17:g.7673563delG"
"276eab16-389c-5142-8d29-bc7f1625e8a3"	"chr17:g.7676204delA"
"27902727-14d5-56aa-a93a-7aad5f80c13e"	"chr17:g.7675992A>G"
"27ebaaf0-9b2b-5ae1-8bb2-4fe05e845086"	"chr17:g.7674948delTAAGATGC…"
"2809d7b0-e22b-52de-b9f8-790bbb412a5a"	"chr17:g.7673758_7673759insC"
"29415966-365b-588e-bbc1-048f57d663a9"	"chr17:g.7673755_7673756insATTCTCTT…"
"2951bdd3-8990-57c3-84b3-0d7f037cedc7"	"chr17:g.7673769delG"
"2a3e5b03-82ba-52dd-a67c-933a5a0a6fc1"	"chr17:g.7676170G>A"
"2a5d710d-54ab-5047-8330-7c6bb57bee00"	"chr17:g.7675202A>T"
"2a5f1199-93c7-5aa4-b88c-c960ac8c6865"	"chr17:g.7670652delCATCCTTG…"
"2a67233f-3a0a-536c-9879-efc74178b9bf"	"chr17:g.7675118delTGCT"
"2ae0b465-c458-55d4-8943-a776211d6e01"	"chr17:g.7676227delC"
"2aeb78c7-f010-5306-9723-e0e66ff82393"	"chr17:g.7674206delTGA"
"2c8199dc-d34a-5ff5-8594-284f8655bb34"	"chr17:g.7674229C>G"
"2c8a21ec-d098-5af8-b6e3-076060412871"	"chr17:g.7675109T>G"
"2cf15665-2294-550a-940e-9ca810d4984c"	"chr17:g.7670697A>T"
"2d5cfc0c-bdc2-56e0-a6a0-ee2ab030df88"	"chr17:g.7673584G>C"
"2d8313f5-6e6c-57f1-ad18-fbefab269747"	"chr17:g.7675146delG"
"2daf912d-d2ee-5d39-9584-f77c079d3c4b"	"chr17:g.7673799A>G"
"2e8b40af-d73b-562e-a1b9-bfc3b6f6df9e"	"chr17:g.7673816delGTTC"
"2eae809d-d867-5898-9c6b-132c521a3cbf"	"chr17:g.7676152_7676153insA"
"2ee7da86-0733-5c03-8f6f-da3c83a8bd12"	"chr17:g.7673821delGTCCCAGT…"
"2f0a09b5-44ef-5eac-9627-0b769246a5ef"	"chr17:g.7674161delGGTGGCAA…"
"2f107d98-eddc-56ab-9525-7bece483ebef"	"chr17:g.7674873A>T"
"2f8c1c70-15f9-5049-8d45-0a0b861fa5aa"	"chr17:g.7675156_7675157insGG"
"2fa657f4-808c-54ee-84f0-23abf1e9218f"	"chr17:g.7676543delTTTCCTGA…"
"2fa80f4f-3e48-58ae-9cb1-528a6e467490"	"chr17:g.7674247delTT"
"2fb7d219-455f-5c0d-a3db-a670f02a2b54"	"chr17:g.7676545delTCCTGAC"
"303c952b-eab4-5391-9982-5b90d620969f"	"chr17:g.7675189delGCA"
"30ad0f71-2f7d-577d-8b14-11ab08f8f67e"	"chr17:g.7675121delT"
"30d466b7-6ac2-50fc-aae3-edf520e21fda"	"chr17:g.7673834delACCACTA"
"30efcce5-64ba-5f8d-8276-3f9574eaea81"	"chr17:g.7674226A>T"
"3118806b-04f6-5720-8e5c-64346ce5e9be"	"chr17:g.7675127A>T"
"313a3df5-354a-5f98-94e7-aeb0fdadc0de"	"chr17:g.7676114_7676115insG"
"31ee0a20-4bce-5b86-bce5-06f09f918c5d"	"chr17:g.7675140_7675141insGAC"
"31f07ce1-8f0e-5799-b731-8f6a33836d9e"	"chr17:g.7674900delT"
"322f6cb5-d96a-5f1c-b1e2-f4f3f91f0f9c"	"chr17:g.7674254delT"
"33118c1d-fc91-5ef7-a170-de7de8c933d8"	"chr17:g.7675128_7675129insGGCCA"
"3340b7e5-d731-56e5-9efc-e48f6c054c87"	"chr17:g.7675997delG"
"3375a52a-b845-52cb-a601-334d3e41da6f"	"chr17:g.7673777_7673778insTCTC"
"33da76ff-5978-53c2-8c9d-e9eb53810ef3"	"chr17:g.7673771delGCGCCG"
"3459dc37-d627-5af4-a88c-afb3e7ee2ea7"	"chr17:g.7673778T>C"
"349efac9-3f7f-524b-9f4f-9ddab8be87cb"	"chr17:g.7673820C>A"
"34eef958-de36-5b56-a3f1-7129d6da4df4"	"chr17:g.7673813delGCTGTTCC…"
"352062a8-9898-5b66-8830-7f8d63509a7c"	"chr17:g.7670715T>A"
"359a1c2f-acc6-52fb-8bd6-c91f114ba220"	"chr17:g.7676208delA"
"360ded69-fa0a-523b-a7d1-7e306f133397"	"chr17:g.7675172A>C"
"36384b2c-f8c5-58b3-a822-15ca79cf6515"	"chr17:g.7670688A>C"
"36494902-8136-5d3b-be08-b6a59b5a3b30"	"chr17:g.7675076T>G"
"36a9f54b-252d-5542-b0c9-45ab11543abc"	"chr17:g.7673756_7673757insTTCTC"
"36adf50a-a3f0-5092-833a-63b3497ccf35"	"chr17:g.7673809C>G"
"3727cc7e-d844-5f94-9b5c-514dad83af2f"	"chr17:g.7676011T>G"
"374d54cd-f3e2-53bb-9400-936e23c416ee"	"chr17:g.7686266G>A"
"37f49715-1136-5974-acd4-ad0b35b333c9"	"chr17:g.7676060G>C"
"38485a73-1989-581c-a8d8-4f6d929d52cd"	"chr17:g.7674213delGGGCCTCC"
"385acbfb-39e9-5cf2-8a43-5e031830d042"	"chr17:g.7675114_7675115insA"
"3862c559-f8fc-5519-adc3-be03037639fb"	"chr17:g.7675194T>C"
"38be5ab0-7b06-578b-9d71-575e3fdcc4cb"	"chr17:g.7674244delCTGTTACA…"
"395399fb-0684-525a-b7c6-eb0f07686ccd"	"chr17:g.7674913delCAAATACT…"
"3a076e01-4f6b-56f1-afa4-c012ece5a0b9"	"chr17:g.7673692delCTTGCTTA…"
"3a1805b7-a580-538d-8900-93d223720f05"	"chr17:g.7674949_7674950insAG"
"3aaf0905-1037-5e1c-852a-e697bbbe5992"	"chr17:g.7673796delC"
"3b6cfdb6-c667-59f4-a5f3-fe0d438e5231"	"chr17:g.7670649G>A"
"3c2596e6-779e-5a83-ac06-a05ad3705137"	"chr17:g.7673783C>T"
"3c475408-8497-5990-9fe2-a23aea211e66"	"chr17:g.7673782T>A"
"3c6e39b8-b88d-5821-a811-db3815c68962"	"chr17:g.7675999A>C"
"3c77f482-8c63-51e0-8aa2-038af2e7278e"	"chr17:g.7673334C>T"
"3c900071-0ab2-5286-ab40-7bcf023532b0"	"chr17:g.7673766T>A"
"3c9239f1-50f3-5d74-accf-3f2f3d91a3bd"	"chr17:g.7675144delGCG"
"3cdf9184-5c15-53d2-b117-a2fd5c44dd15"	"chr17:g.7674959G>A"
"3ce38a8a-f328-51eb-bc56-45f3e4f0b739"	"chr17:g.7675060delATCTGAGC…"
"3d1d3a86-64da-54ba-91c9-856aa782329b"	"chr17:g.7676082_7676083insA"
"3dcd6ba9-8a0e-58dc-91c6-99aad41d98b5"	"chr17:g.7674225C>A"
"3e449591-9a0c-5998-8e75-990ae39c5a33"	"chr17:g.7675123_7675124insTAGA"
"3e760d87-03d5-5035-93a5-178f671988e4"	"chr17:g.7675083G>T"
"3e80ca12-0682-565c-bffd-0b4789b9dc11"	"chr17:g.7674190T>G"
"3e879749-bb89-5577-837e-f87f4d2aec04"	"chr17:g.7673537_7673538insA"
"3ecf810e-0a5d-524e-88f8-10eb4017bf36"	"chr17:g.7673687delTCCTGCTT…"
"3f0120a8-9c5a-569c-af72-44e17060df27"	"chr17:g.7673739delTCCCCTTT…"
"3f0ffac6-0a58-5b43-a619-facc6a9ad2f6"	"chr17:g.7676265delA"
"3fafb973-f4ad-5af1-abb4-5dcc25ec6b96"	"chr17:g.7674242A>C"
"40128725-cb9e-54a0-ba4e-7ecc165192e9"	"chr17:g.7673731delG"
"406248c0-5f65-5d56-8c49-18ae763c35cc"	"chr17:g.7674249delAC"
"40adef65-23d3-5418-9522-d8bf83133a22"	"chr17:g.7675055delTCGCTATC…"
"41191f8c-63bf-5ea4-9242-883d62329449"	"chr17:g.7675175C>G"
"419e9af9-5bfd-527b-8726-99d151ce32e2"	"chr17:g.7673820C>T"
"41a7c815-0eab-5f12-8a52-fe6fa4cbd88a"	"chr17:g.7676054G>A"
"41e9c3d5-8f7d-5b35-8c51-00add9c18de3"	"chr17:g.7673733delTGAGGCTC…"
"4249c517-8208-5440-bba4-5bbd96c72b15"	"chr17:g.7673800C>G"
"42778d8f-6796-5fd7-8fab-9f3abbaae232"	"chr17:g.7674180delCCTGGAGT…"
"42b5c8fa-3f06-50b9-943b-ea7215edb210"	"chr17:g.7676080delC"
"42beeb9a-451b-5bcb-a8f0-d011175db4c0"	"chr17:g.7675145delCGGG"
"42d25f93-bad3-5822-b3f5-406db03a75b0"	"chr17:g.7676594T>C"
"43b91833-b371-5869-aaa5-878e49b253a6"	"chr17:g.7673761C>G"
"43d34815-3127-5a00-a287-47c5ac479650"	"chr17:g.7674261G>C"
"43e2fe9b-badb-53e9-9942-e3817228736b"	"chr17:g.7670677delC"
"441c67ea-5c4f-5d24-9361-7db6919b13bf"	"chr17:g.7676173_7676174insATTCTGGG"
"4435a11b-d685-5a77-9859-e8a6819a9b09"	"chr17:g.7673315T>C"
"44c9b10c-e399-5265-a963-bb6602c8872d"	"chr17:g.7668728G>C"
"4584deee-9229-5620-984c-94b6618cbf03"	"chr17:g.7676003delCACAGACT…"
"45a67e74-cf46-5b3c-a7b8-b20407485906"	"chr17:g.7674174delTCCTGACC…"
"45b07c66-2891-5be6-8b64-b2c0bea1c956"	"chr17:g.7669691C>A"
"45d13400-4520-5779-82a7-9d7300176078"	"chr17:g.7674925delACGCAA"
"469c798c-e50e-55bd-a996-a0da4329e63a"	"chr17:g.7676060G>T"
"46acb01f-7f67-5976-9d31-60490905c34e"	"chr17:g.7674894G>C"
"46ee2f2d-a3e4-57aa-8d10-e2b4d838b7f0"	"chr17:g.7675135G>A"
"4754fe89-d7e1-5662-9a07-6cb68d2cc655"	"chr17:g.7673573_7673574insTGGC"
"4765d1c6-f224-554d-baee-c65db6d6879a"	"chr17:g.7674951delGATGCT"
"47ffb36b-9ce8-58fe-b799-783e512926fe"	"chr17:g.7675098delCCTC"
"48572b31-e19c-5ea6-9000-dada6c57d12a"	"chr17:g.7673572delT"
"487067b9-0f5d-5348-8402-030eef7f3c7d"	"chr17:g.7676238delATCAA"
"48bd8f81-6fc5-54fa-a6c9-8998e89fd9b4"	"chr17:g.7675140delGGACGCGG…"
"48e6549f-ba67-5d7c-a94b-c217d30f7089"	"chr17:g.7675145C>T"
"48f9959e-d273-5074-a302-162141738cd2"	"chr17:g.7674219C>A"
"4a2da722-7824-56c5-a4b5-3e88c8bbbac1"	"chr17:g.7676133G>A"
"4a328389-d407-5e42-8bf0-6a1f0128b4c4"	"chr17:g.7675184_7675185insCAGGG"
"4a4a8fb3-352a-586e-8ce8-15538acb47c1"	"chr17:g.7676085G>A"
"4a70f62d-6309-5379-9d53-5c6655015e29"	"chr17:g.7675101delC"
"4ac0e65a-d650-51d0-8765-07490e130f6d"	"chr17:g.7673522delCAAGACTT…"
"4b637534-e786-526f-9a09-9db0e8d71c8c"	"chr17:g.7674193_7674194insG"
"4b709424-3dc0-5ad5-bd7d-f355dc56b428"	"chr17:g.7673806C>G"
"4bdf593f-96c5-5518-8826-79d5a3260217"	"chr17:g.7676263delGCAAGGGG…"
"4bea6e9d-bdb4-5fd0-88ae-4f8de0e1863c"	"chr17:g.7675093_7675094insACG"
"4c4ae4d9-b810-58e5-9e2c-43f11cc43f89"	"chr17:g.7675122T>A"
"4c6e3a5d-4b37-592b-90a5-4a9d87afe2c9"	"chr17:g.7676030G>C"
"4c8b407e-73f4-5aa8-b2d5-7ce5258c38d0"	"chr17:g.7674179A>C"
"4d66018c-40ab-50b2-a0a4-7b11dc561ead"	"chr17:g.7676526C>T"
"4d6b8fa8-9afd-57a5-b231-756fe0be2efb"	"chr17:g.7674194G>C"
"4d74216f-da6f-56a0-a000-3f854f888868"	"chr17:g.7676565G>A"
"4d8bdb2f-706d-5a7d-8408-dccf1d59851e"	"chr17:g.7673726_7673727insT"
"4d9a05b9-ea2c-539e-963f-4ab828c129f8"	"chr17:g.7676011delTGGCTGTC…"
"4db283ca-07ac-5e32-b031-6bb2eaf17a56"	"chr17:g.7676077_7676078insC"
"4dbf354f-359b-5538-9196-dcfe5e44e527"	"chr17:g.7676042_7676043insAA"
"4e6c6365-8791-5d84-b3f1-23e18ec7aed6"	"chr17:g.7675178A>T"
"4f1efdd5-9e85-5f48-82a1-99b3adb3ef6e"	"chr17:g.7673550delTTCTCCAT…"
"4f941cf9-b9df-52dc-a347-ada0b5c522bc"	"chr17:g.7675091delCTCACAAC…"
"4fdf8cba-0081-50eb-afa4-46e3c32edcb6"	"chr17:g.7675079_7675080insGG"
"500a0a7c-b9b6-56dc-834f-6da7dffdb474"	"chr17:g.7674865delCGGCT"
"508cdbce-ed0f-5039-a86a-1a81aea2df52"	"chr17:g.7674938_7674939insC"
"519a92c7-0daa-546d-b04a-675e5fadcf95"	"chr17:g.7670701delCT"
"51b8a561-4697-5082-bff5-4f73a6761d70"	"chr17:g.7676090delCAGGGGCC…"
"527df4dc-47c9-58f5-97ed-3593e838949c"	"chr17:g.7675177_7675178insA"
"52913b81-779d-5849-b16e-e7ed4f713538"	"chr17:g.7674935delC"
"53443d44-887c-5df3-9471-8807f0303a6f"	"chr17:g.7670695delG"
"53cbecc7-aa9c-5f80-9500-e2aec7b93a89"	"chr17:g.7676006A>T"
"53fc0c5f-fcfd-5552-a47c-d4904cfce042"	"chr17:g.7673609C>G"
"54e0b014-2299-5ee7-a6ad-7427b9ce3a6e"	"chr17:g.7674255G>C"
"54e259e7-1150-528b-9ee2-ac399adc43f5"	"chr17:g.7669621delA"
"54fa3790-1c55-5515-9f32-eea4b9446811"	"chr17:g.7676044delAACCGTAG…"
"56ace6ff-b059-581c-9aa2-eb5c6a8c7365"	"chr17:g.7675212A>C"
"56c0a4b5-f554-546a-8fea-c285a6f23ceb"	"chr17:g.7669692T>A"
"570fd49f-1588-5766-8a5e-88301b0e4cf6"	"chr17:g.7675187delG"
"57a51598-fac8-5ce7-b266-bfe1f4a6ead3"	"chr17:g.7674887C>G"
"57af2964-dae2-5b41-8110-2f0446b0decf"	"chr17:g.7676010delT"
"58922046-3cc1-56ba-b9ce-50bb45985d92"	"chr17:g.7676012delG"
"59172ccd-5a46-5c3c-843c-32fb17978171"	"chr17:g.7673772C>T"
"598a915b-43e1-5914-8194-299f54eb9137"	"chr17:g.7675135delGGCGCGGA…"
"5999ce97-3e7d-53f2-8f52-ddfcf7f5ab9b"	"chr17:g.7674241delGAACTGTT…"
"59c2304e-5343-5635-bc97-2e3840060e2f"	"chr17:g.7676218delCAATATCG…"
"5a38d3d9-f060-5a11-8342-f3a065275582"	"chr17:g.7675125_7675126insG"
"5a896cd9-4f27-5628-9a66-a42e01fe6918"	"chr17:g.7669610C>T"
"5b38df58-5832-55da-ba7b-05089618de16"	"chr17:g.7676140_7676141insTGCA"
"5b529dfa-9102-55a8-bd9f-a5b0f87961d9"	"chr17:g.7676105delGGCTGGTG…"
"5b76636a-3711-587e-ae12-1110d9f5c666"	"chr17:g.7673783C>A"
"5c27c5a5-4d23-56ab-8ce7-7f7d6f5f08c9"	"chr17:g.7674946G>C"
"5c4076dd-120d-56ca-8acb-72f96b8b2596"	"chr17:g.7670675_7670676insTCAGC"
"5ca17a6f-e2a5-5f2d-a803-d4b79a05232b"	"chr17:g.7673706delTTAG"
"5d110454-7ddc-5796-a29c-8976e63efb38"	"chr17:g.7674239A>G"
"5d4bc332-1ca4-5ffa-9bf8-3754bc390289"	"chr17:g.7673253A>G"
"5e6d4940-3f44-5d56-a2db-f0f9dbb47efe"	"chr17:g.7669592delACAAGAAG…"
"5e85ad4b-bf1b-5d8f-abda-a68979239ff0"	"chr17:g.7675187delGGGCAGGT…"
"5ea12cd0-727e-5f5e-901e-765051249bd7"	"chr17:g.7675985delGCAACTGA…"
"5ed3fb01-128b-5187-8027-928f144db851"	"chr17:g.7669610delCAGTCTGA"
"5f09b5f3-1248-5c98-811f-4d030c88aff1"	"chr17:g.7674871A>T"
"5f89b5d2-6e6b-574d-892d-31116ef840a5"	"chr17:g.7670691delT"
"5f933cae-ae8b-5ec7-9a71-b607f3fc2e42"	"chr17:g.7676061_7676062insA"
"600d5ebc-be45-53da-888f-30d9d1bcd9df"	"chr17:g.7675142delACGC"
"60e61fc7-ba9a-52b1-ad64-f5a41f0b4cf9"	"chr17:g.7673580G>A"
"61155bfa-ec17-5ed2-8625-52ea9ac09d7f"	"chr17:g.7674271delGTGGTA"
"61429797-77f5-5c42-a714-7656763ae81f"	"chr17:g.7674956T>C"
"62c2d253-60ff-5827-9212-f0d9f0bfdafe"	"chr17:g.7676095_7676096insC"
"6304c74d-7d68-5ad2-9af7-3d13bd392d57"	"chr17:g.7675132C>A"
"63ab9d44-5f7f-50de-99d7-cfe8441aa25a"	"chr17:g.7675204T>A"
"63b110fe-472f-5d26-a763-6e4a82bc4a8d"	"chr17:g.7674256T>G"
"6471d28f-82e0-5309-bd0b-77e7a68f6132"	"chr17:g.7674250delCACAT"
"64afd1cb-28f4-59a0-869a-b4b67f3451b5"	"chr17:g.7674201delGATGGTGA…"
"6509a5aa-1ce5-5936-b4ec-b0c9153af673"	"chr17:g.7675181T>G"
"65a8d227-2a7c-57c6-b653-4a7371ecf248"	"chr17:g.7675094A>G"
"66a6a889-98b7-5119-a766-eb670a78b867"	"chr17:g.7676405T>C"
"66afcd89-d5cb-50b3-bbc7-99718ae34333"	"chr17:g.7673560delAGTGGTTT…"
"6713a284-4178-5833-ac44-c86883723d45"	"chr17:g.7674275T>G"
"67c5936a-e542-54e9-b97f-aaab34fef898"	"chr17:g.7675098delC"
"67d0cc36-b1bb-55f8-b6d5-98a322252844"	"chr17:g.7675106A>G"
"680f2dd1-910f-5c87-bc01-1df1455e0c9e"	"chr17:g.7676209delACCATTGT…"
"6837fa1d-1713-5a8c-9736-786405ea0b82"	"chr17:g.7675214A>G"
"68bc793c-9ff5-5803-a1b3-896778c41a46"	"chr17:g.7674933delTTCC"
"68f0e23d-5f6e-5dfb-a282-708260276b2b"	"chr17:g.7670688_7670689insCTTC"
"6956fc65-0d1c-5abb-a98b-5d5797316a27"	"chr17:g.7674185delA"
"69d34721-208c-5227-b3ed-89c3eb572ccb"	"chr17:g.7676210_7676211insCATT"
"6a09a2f0-8fd3-579c-864c-e3cfbb61af54"	"chr17:g.7676226delTCCGGGGA…"
"6a201d35-3aff-518b-b103-d63c40e35d44"	"chr17:g.7675135delGGCGCGGA…"
"6aba767e-c6f8-55be-b37c-17c7a106cf9f"	"chr17:g.7673782delT"
"6ad78210-b930-5a37-a5ea-7b52de9c7a6f"	"chr17:g.7673704delGCTTAGTG…"
"6afe8c1a-28f1-52d4-af70-f2876ea81a8d"	"chr17:g.7676092delG"
"6bd15c09-3202-5d4e-83ee-70d865d9a6c2"	"chr17:g.7675170C>G"
"6bf8f419-dc4e-511b-9476-5dcbc9972254"	"chr17:g.7669668G>T"
"6c7bff94-e12e-510b-8668-db579dfca183"	"chr17:g.7674919C>G"
"6d04c916-554b-533e-b884-2656429895d5"	"chr17:g.7675167delA"
"6d4b0762-37e4-5d25-a637-d5c682e1f42b"	"chr17:g.7670687A>T"
"6e4910a9-f697-5255-a44b-478037e3813a"	"chr17:g.7673813delGC"
"6e7da132-db74-5e07-914a-7e776fbcd3ba"	"chr17:g.7673831delA"
"6eb97543-7087-5e3b-ac86-ec6417c6949b"	"chr17:g.7674955C>A"
"6ed17cd1-e2db-599a-a962-4f36510b2e12"	"chr17:g.7673567delTCTTCTTT…"
"6ee05c49-e953-5863-9e36-c4aa204bfe13"	"chr17:g.7675138delGCGGACGC…"
"6f673375-6e88-5ec4-b62d-5a844dfb6d63"	"chr17:g.7674254T>A"
"6fe0d1c4-4dea-5b4c-8fd4-f5254d1e7b3e"	"chr17:g.7674225C>G"
"7008e30e-957c-5789-beb1-bcfa83a9cbe4"	"chr17:g.7674882delC"
"700df286-e4ff-5822-98fe-598e935e4089"	"chr17:g.7675231delGG"
"7017744f-9500-5839-9f9c-2a34d5ee120c"	"chr17:g.7676380_7676381insCC"
"70f3ab5b-5cf2-5090-8362-720d70c525e2"	"chr17:g.7675154delGGC"
"71f2b050-f179-5fbf-8d0e-15a95d71e730"	"chr17:g.7676200C>T"
"7226da51-6d65-5d81-8f19-d71c24a77d25"	"chr17:g.7675221delTG"
"72b4936a-a24e-5973-ab78-22b208043f83"	"chr17:g.7673791A>C"
"73854adf-9c78-5517-9098-226f40976d05"	"chr17:g.7675237C>G"
"73fe4953-40a5-57cf-9e4c-999aa0f30b40"	"chr17:g.7675208C>G"
"75bf4e73-b620-5393-8b48-17348c34cd10"	"chr17:g.7673573T>A"
"75d62b83-2ecd-5672-b5c2-2eaa85855b95"	"chr17:g.7676221delT"
"75fc4bc1-044a-5643-9271-2d1be0c1ad6e"	"chr17:g.7675160G>A"
"76178c33-14d0-58be-bc9a-82dcee651db2"	"chr17:g.7674232delC"
"764f07a6-b6a9-55eb-b5eb-f73e7877d786"	"chr17:g.7674914delA"
"7778a0f3-8ea2-5dec-bccb-9da867d72f47"	"chr17:g.7674275delTA"
"77b0e3cd-c2c7-5f98-a49d-df132be63312"	"chr17:g.7673789delACAGGCAC…"
"77cad847-9a5e-5d03-9793-33417588f479"	"chr17:g.7674180delCCTGGAGT…"
"77f7685c-3e9a-543f-859b-96b5d25e7657"	"chr17:g.7674231G>A"
"78333944-70dd-5717-ad8f-4b9900148d4c"	"chr17:g.7673797delA"
"78829fcc-e52f-5fd8-b2a5-791fc931c3eb"	"chr17:g.7676271_7676272insA"
"788b01bd-9f0b-54cd-bd00-4a59cf87becb"	"chr17:g.7676162A>G"
"78c51007-6d87-5e40-99cc-ae80bfbb005c"	"chr17:g.7673784delCCAGGACA…"
"7945c6cb-5d34-5128-9367-d8068a48c45c"	"chr17:g.7675197T>C"
"797652d3-db9b-531b-9461-37784fa9830b"	"chr17:g.7675214A>C"
"79c01136-d076-50b5-83da-f651d8dabe95"	"chr17:g.7670673_7670674insA"
"7a0ebd3a-455c-558b-915f-07bf56bb1aa9"	"chr17:g.7673578_7673579insG"
"7a6f4e61-70e8-5673-9292-cbbe2063e9c2"	"chr17:g.7675222delGAGGGCAG…"
"7b35d943-816d-5c1e-a6a3-f5c737b61a55"	"chr17:g.7673586delG"
"7b748de6-104a-5c3a-af85-03e80861ff1f"	"chr17:g.7675128delTGGCCATG…"
"7b83f194-5d33-5f2b-9ad8-00d6cb9477c0"	"chr17:g.7675136_7675137insCGCGGA"
"7bbad084-5bda-5abd-a327-cff8ec7ba86c"	"chr17:g.7674960_7674961insA"
"7c217b41-dbb3-54a4-947e-966c89d9b332"	"chr17:g.7675143delCG"
"7d8a4af7-d630-5a39-b817-0347b4f3247e"	"chr17:g.7673567T>A"
"7d9defaf-21b2-5610-b731-24a58127fa3a"	"chr17:g.7676124delG"
"7e2cd89f-bc58-5a22-bc08-1eb65786d44b"	"chr17:g.7674267delGATGGTGG…"
"7e80dd72-3278-5122-b042-f7e05781a288"	"chr17:g.7675208_7675209insA"
"7e921321-9192-5b2b-9fd3-04af547eb95e"	"chr17:g.7674944delCGGATAAG…"
"7e9c8bfe-6e53-50c6-a838-df27b53e6f71"	"chr17:g.7674946delGATAA"
"7eaf8039-3fba-5004-b559-d0f38844e484"	"chr17:g.7674281delCAGAGCCA…"
"7f5d5195-851b-5455-8ae0-aee5ba3b508f"	"chr17:g.7675088delCGCCTCAC…"
"7f8059d8-d616-5391-915d-1c71dcb00b10"	"chr17:g.7673774C>G"
"7f8815bc-15bb-5b29-9f4e-1df3a6d91a02"	"chr17:g.7674858_7674859insCT"
"7f91569d-4f57-5350-9e42-db1083fe5724"	"chr17:g.7674245delTGTTACAC…"
"7ffb1a8e-9a80-5d14-9f00-d58d4b68bae7"	"chr17:g.7674236delTGCAGGAA…"
"80402679-7bd3-5feb-bac9-85624d814f30"	"chr17:g.7674838delGACCCCAG…"
"8122b276-736e-5586-ac20-61c13f3d5735"	"chr17:g.7674205G>T"
"8165711a-fedd-5f7c-97ce-90a29f392b5f"	"chr17:g.7674940C>A"
"816630ad-11de-5e48-a945-b2d22d800f05"	"chr17:g.7674277delCAGT"
"8186b16a-491e-5c35-9ae7-a0d2ef3f646a"	"chr17:g.7675198delG"
"821ac368-2272-5637-a2dc-fe8d403dfabf"	"chr17:g.7673752_7673753insGA"
"82f5b174-594b-5726-a477-b9a52e4962fa"	"chr17:g.7676554A>G"
"841df4d8-8074-553f-bf22-25f1719263ef"	"chr17:g.7670692C>T"
"844515c6-8cac-5d7e-90b9-72bfacea6e81"	"chr17:g.7674865C>T"
"844ef7f8-42a7-5055-8f20-459f8c1c4156"	"chr17:g.7676076delG"
"8459517a-7f10-5a54-bce9-1d80e295ebfe"	"chr17:g.7673710delTGCTCCCT…"
"8473d228-6923-596e-9c6e-af7cea268d60"	"chr17:g.7676101delA"
"8491f5e9-da37-55be-b653-dd8a24bea890"	"chr17:g.7676185delC"
"84f7ec55-0e45-51aa-8bae-2d62d058e763"	"chr17:g.7676274delTGTAGATG"
"8582ba31-da54-5b57-b519-ce50242f3370"	"chr17:g.7675055delT"
"8628cf2d-b2f3-5a9f-9a69-dab84b922a4b"	"chr17:g.7674231_7674232insC"
"867bde6c-4ff6-5e65-b7fb-e9eadc0e06f3"	"chr17:g.7673775_7673776insCGGCG"
"86a2acc1-997e-5fba-b996-29894432a539"	"chr17:g.7675998_7675999insAA"
"8777287a-e4e8-5e0a-9890-226be4dd610b"	"chr17:g.7675167_7675168insATCAAC"
"879ac9e0-2f76-5bfe-ba42-c2a507284c49"	"chr17:g.7676564C>T"
"87d9b2c4-c5a4-542b-97fa-2466c5f57b1a"	"chr17:g.7670699delCGCTCACG…"
"87fbe16c-e786-5221-aed4-77b9cda3e05e"	"chr17:g.7673787_7673788insGA"
"883983d8-a048-5fd0-ba15-28a0613d6dd5"	"chr17:g.7673547A>T"
"883d6564-b868-589a-9908-25b76b9f434c"	"chr17:g.7675088C>A"
"88bd87a4-1b79-5452-a298-9032a391dc19"	"chr17:g.7674193A>G"
"88f83fba-c1ec-518d-b0eb-d93704020e7c"	"chr17:g.7675228delAGGGGAGT…"
"89d2c37d-68ea-544c-b07c-5d5c9fd1e169"	"chr17:g.7675078G>A"
"89f93122-9e39-57d7-bde8-911cd11fa46d"	"chr17:g.7670673C>A"
"8a7c566d-f8fe-5d1f-af56-42d131298178"	"chr17:g.7676035delCCAGACGG…"
"8ac312d7-4a63-5ff2-83bb-5138171ab3f0"	"chr17:g.7674884A>C"
"8ac72fb4-dbbd-5c66-a057-fe0d09b9a098"	"chr17:g.7675157G>T"
"8c756bb4-1874-58e3-a24a-55b9409262b2"	"chr17:g.7676149C>T"
"8d7dc385-d59e-5fcb-a6ba-dbf2013672f3"	"chr17:g.7673699A>T"
"8dbe1bdd-1848-5d1a-9748-2f0417e29618"	"chr17:g.7676001_7676002insTC"
"8dbe26ba-e9c4-5e5c-a248-a19e76ca25c3"	"chr17:g.7675186delAGG"
"8f2173fd-362d-5cfc-a5fc-1bda65eede88"	"chr17:g.7673806delC"
"8f7731f2-67d3-52cb-9052-650d548b9e74"	"chr17:g.7675100delT"
"8f92c68f-acba-5aac-84fd-d88c74030dff"	"chr17:g.7674902delTTTCT"
"8fd14b75-8cc3-5d37-bbcb-f7ad2139db18"	"chr17:g.7675080delGG"
"8fe85895-8ec6-54b6-a80e-9aece42db777"	"chr17:g.7673749delTGCGGAGA…"
"90232e70-0b91-524b-9a3e-477c097d1cf8"	"chr17:g.7674233delCCATGCAG…"
"903ed445-c117-56cd-8b65-079d50c00637"	"chr17:g.7673772delCGCCGGT"
"907a8cd6-242c-5c52-bd59-cc57f1392ef8"	"chr17:g.7675136delGCGCGGAC"
"91553add-6458-579d-8b73-d66d53558538"	"chr17:g.7673816delG"
"917945c8-c345-5e4b-ba14-ab4c83830d2b"	"chr17:g.7670676T>C"
"921e485a-3b25-5238-987c-0cd1186f4468"	"chr17:g.7676134delCT"
"923f8c16-9d6e-5718-9e1b-9903576cd3ec"	"chr17:g.7675125delAGA"
"92b29ead-1dcf-57ed-bc2d-921988806929"	"chr17:g.7670666A>G"
"93dcf154-8b56-5d29-9d7e-5d2be4ccea84"	"chr17:g.7673701delCT"
"93e6c3de-91aa-5bc0-924c-d63b44c1eafe"	"chr17:g.7676025delTGCAAGAA…"
"94fbf512-f62b-59bc-bef9-4188fe810b89"	"chr17:g.7675088delCGCCTCA"
"94fe6bec-0145-5974-b6b8-9277a4d90466"	"chr17:g.7673797A>C"
"957df4ff-65a4-5760-98aa-88091f7f5809"	"chr17:g.7673831_7673832insC"
"957e31fc-c076-527b-809d-1e7fe1230179"	"chr17:g.7676099delG"
"95bfc41e-f4f7-596f-8a8f-353264d6ff9a"	"chr17:g.7674219C>T"
"95e7500c-b9a2-553f-9689-faaf7c22ea41"	"chr17:g.7675145_7675146insGGGT"
"961b20ad-e3ab-57ac-9bb1-110b109d83af"	"chr17:g.7674279G>C"
"966481d1-62c3-594b-a35c-a320e0d36b8a"	"chr17:g.7675208delC"
"969b4b3a-58e6-5373-99d6-ca60ad2c6b0c"	"chr17:g.7675154delGGCGGGGG…"
"96f4dd87-636c-545d-a218-7f04eba41d2e"	"chr17:g.7674185delAGTCTTCC"
"971606b1-1e90-574f-a8be-c418acae1a98"	"chr17:g.7673797_7673798insAAC"
"972870c1-fa9f-579c-94bd-4db3c8257340"	"chr17:g.7673828_7673829insAGATTACC…"
"72b4936a-a24e-5973-ab78-22b208043f83"	"chr17:g.7673791A>C"
"73854adf-9c78-5517-9098-226f40976d05"	"chr17:g.7675237C>G"
"73fe4953-40a5-57cf-9e4c-999aa0f30b40"	"chr17:g.7675208C>G"
"75bf4e73-b620-5393-8b48-17348c34cd10"	"chr17:g.7673573T>A"
"75d62b83-2ecd-5672-b5c2-2eaa85855b95"	"chr17:g.7676221delT"
"75fc4bc1-044a-5643-9271-2d1be0c1ad6e"	"chr17:g.7675160G>A"
"76178c33-14d0-58be-bc9a-82dcee651db2"	"chr17:g.7674232delC"
"764f07a6-b6a9-55eb-b5eb-f73e7877d786"	"chr17:g.7674914delA"
"7778a0f3-8ea2-5dec-bccb-9da867d72f47"	"chr17:g.7674275delTA"
"77b0e3cd-c2c7-5f98-a49d-df132be63312"	"chr17:g.7673789delACAGGCAC…"
"77cad847-9a5e-5d03-9793-33417588f479"	"chr17:g.7674180delCCTGGAGT…"
"77f7685c-3e9a-543f-859b-96b5d25e7657"	"chr17:g.7674231G>A"
"78333944-70dd-5717-ad8f-4b9900148d4c"	"chr17:g.7673797delA"
"78829fcc-e52f-5fd8-b2a5-791fc931c3eb"	"chr17:g.7676271_7676272insA"
"788b01bd-9f0b-54cd-bd00-4a59cf87becb"	"chr17:g.7676162A>G"
"78c51007-6d87-5e40-99cc-ae80bfbb005c"	"chr17:g.7673784delCCAGGACA…"
"7945c6cb-5d34-5128-9367-d8068a48c45c"	"chr17:g.7675197T>C"
"797652d3-db9b-531b-9461-37784fa9830b"	"chr17:g.7675214A>C"
"79c01136-d076-50b5-83da-f651d8dabe95"	"chr17:g.7670673_7670674insA"
"7a0ebd3a-455c-558b-915f-07bf56bb1aa9"	"chr17:g.7673578_7673579insG"
"7a6f4e61-70e8-5673-9292-cbbe2063e9c2"	"chr17:g.7675222delGAGGGCAG…"
"7b35d943-816d-5c1e-a6a3-f5c737b61a55"	"chr17:g.7673586delG"
"7b748de6-104a-5c3a-af85-03e80861ff1f"	"chr17:g.7675128delTGGCCATG…"
"7b83f194-5d33-5f2b-9ad8-00d6cb9477c0"	"chr17:g.7675136_7675137insCGCGGA"
"7bbad084-5bda-5abd-a327-cff8ec7ba86c"	"chr17:g.7674960_7674961insA"
"7c217b41-dbb3-54a4-947e-966c89d9b332"	"chr17:g.7675143delCG"
"7d8a4af7-d630-5a39-b817-0347b4f3247e"	"chr17:g.7673567T>A"
"7d9defaf-21b2-5610-b731-24a58127fa3a"	"chr17:g.7676124delG"
"7e2cd89f-bc58-5a22-bc08-1eb65786d44b"	"chr17:g.7674267delGATGGTGG…"
"7e80dd72-3278-5122-b042-f7e05781a288"	"chr17:g.7675208_7675209insA"
"7e921321-9192-5b2b-9fd3-04af547eb95e"	"chr17:g.7674944delCGGATAAG…"
"7e9c8bfe-6e53-50c6-a838-df27b53e6f71"	"chr17:g.7674946delGATAA"
"7eaf8039-3fba-5004-b559-d0f38844e484"	"chr17:g.7674281delCAGAGCCA…"
"7f5d5195-851b-5455-8ae0-aee5ba3b508f"	"chr17:g.7675088delCGCCTCAC…"
"7f8059d8-d616-5391-915d-1c71dcb00b10"	"chr17:g.7673774C>G"
"7f8815bc-15bb-5b29-9f4e-1df3a6d91a02"	"chr17:g.7674858_7674859insCT"
"7f91569d-4f57-5350-9e42-db1083fe5724"	"chr17:g.7674245delTGTTACAC…"
"7ffb1a8e-9a80-5d14-9f00-d58d4b68bae7"	"chr17:g.7674236delTGCAGGAA…"
"80402679-7bd3-5feb-bac9-85624d814f30"	"chr17:g.7674838delGACCCCAG…"
"8122b276-736e-5586-ac20-61c13f3d5735"	"chr17:g.7674205G>T"
"8165711a-fedd-5f7c-97ce-90a29f392b5f"	"chr17:g.7674940C>A"
"816630ad-11de-5e48-a945-b2d22d800f05"	"chr17:g.7674277delCAGT"
"8186b16a-491e-5c35-9ae7-a0d2ef3f646a"	"chr17:g.7675198delG"
"821ac368-2272-5637-a2dc-fe8d403dfabf"	"chr17:g.7673752_7673753insGA"
"82f5b174-594b-5726-a477-b9a52e4962fa"	"chr17:g.7676554A>G"
"841df4d8-8074-553f-bf22-25f1719263ef"	"chr17:g.7670692C>T"
"844515c6-8cac-5d7e-90b9-72bfacea6e81"	"chr17:g.7674865C>T"
"844ef7f8-42a7-5055-8f20-459f8c1c4156"	"chr17:g.7676076delG"
"8459517a-7f10-5a54-bce9-1d80e295ebfe"	"chr17:g.7673710delTGCTCCCT…"
"8473d228-6923-596e-9c6e-af7cea268d60"	"chr17:g.7676101delA"
"8491f5e9-da37-55be-b653-dd8a24bea890"	"chr17:g.7676185delC"
"84f7ec55-0e45-51aa-8bae-2d62d058e763"	"chr17:g.7676274delTGTAGATG"
"8582ba31-da54-5b57-b519-ce50242f3370"	"chr17:g.7675055delT"
"8628cf2d-b2f3-5a9f-9a69-dab84b922a4b"	"chr17:g.7674231_7674232insC"
"867bde6c-4ff6-5e65-b7fb-e9eadc0e06f3"	"chr17:g.7673775_7673776insCGGCG"
"86a2acc1-997e-5fba-b996-29894432a539"	"chr17:g.7675998_7675999insAA"
"8777287a-e4e8-5e0a-9890-226be4dd610b"	"chr17:g.7675167_7675168insATCAAC"
"879ac9e0-2f76-5bfe-ba42-c2a507284c49"	"chr17:g.7676564C>T"
"87d9b2c4-c5a4-542b-97fa-2466c5f57b1a"	"chr17:g.7670699delCGCTCACG…"
"87fbe16c-e786-5221-aed4-77b9cda3e05e"	"chr17:g.7673787_7673788insGA"
"883983d8-a048-5fd0-ba15-28a0613d6dd5"	"chr17:g.7673547A>T"
"883d6564-b868-589a-9908-25b76b9f434c"	"chr17:g.7675088C>A"
"88bd87a4-1b79-5452-a298-9032a391dc19"	"chr17:g.7674193A>G"
"88f83fba-c1ec-518d-b0eb-d93704020e7c"	"chr17:g.7675228delAGGGGAGT…"
"89d2c37d-68ea-544c-b07c-5d5c9fd1e169"	"chr17:g.7675078G>A"
"89f93122-9e39-57d7-bde8-911cd11fa46d"	"chr17:g.7670673C>A"
"8a7c566d-f8fe-5d1f-af56-42d131298178"	"chr17:g.7676035delCCAGACGG…"
"8ac312d7-4a63-5ff2-83bb-5138171ab3f0"	"chr17:g.7674884A>C"
"8ac72fb4-dbbd-5c66-a057-fe0d09b9a098"	"chr17:g.7675157G>T"
"8c756bb4-1874-58e3-a24a-55b9409262b2"	"chr17:g.7676149C>T"
"8d7dc385-d59e-5fcb-a6ba-dbf2013672f3"	"chr17:g.7673699A>T"
"8dbe1bdd-1848-5d1a-9748-2f0417e29618"	"chr17:g.7676001_7676002insTC"
"8dbe26ba-e9c4-5e5c-a248-a19e76ca25c3"	"chr17:g.7675186delAGG"
"8f2173fd-362d-5cfc-a5fc-1bda65eede88"	"chr17:g.7673806delC"
"8f7731f2-67d3-52cb-9052-650d548b9e74"	"chr17:g.7675100delT"
"8f92c68f-acba-5aac-84fd-d88c74030dff"	"chr17:g.7674902delTTTCT"
"8fd14b75-8cc3-5d37-bbcb-f7ad2139db18"	"chr17:g.7675080delGG"
"8fe85895-8ec6-54b6-a80e-9aece42db777"	"chr17:g.7673749delTGCGGAGA…"
"90232e70-0b91-524b-9a3e-477c097d1cf8"	"chr17:g.7674233delCCATGCAG…"
"903ed445-c117-56cd-8b65-079d50c00637"	"chr17:g.7673772delCGCCGGT"
"907a8cd6-242c-5c52-bd59-cc57f1392ef8"	"chr17:g.7675136delGCGCGGAC"
"91553add-6458-579d-8b73-d66d53558538"	"chr17:g.7673816delG"
"917945c8-c345-5e4b-ba14-ab4c83830d2b"	"chr17:g.7670676T>C"
"921e485a-3b25-5238-987c-0cd1186f4468"	"chr17:g.7676134delCT"
"923f8c16-9d6e-5718-9e1b-9903576cd3ec"	"chr17:g.7675125delAGA"
"92b29ead-1dcf-57ed-bc2d-921988806929"	"chr17:g.7670666A>G"
"93dcf154-8b56-5d29-9d7e-5d2be4ccea84"	"chr17:g.7673701delCT"
"93e6c3de-91aa-5bc0-924c-d63b44c1eafe"	"chr17:g.7676025delTGCAAGAA…"
"94fbf512-f62b-59bc-bef9-4188fe810b89"	"chr17:g.7675088delCGCCTCA"
"94fe6bec-0145-5974-b6b8-9277a4d90466"	"chr17:g.7673797A>C"
"957df4ff-65a4-5760-98aa-88091f7f5809"	"chr17:g.7673831_7673832insC"
"957e31fc-c076-527b-809d-1e7fe1230179"	"chr17:g.7676099delG"
"95bfc41e-f4f7-596f-8a8f-353264d6ff9a"	"chr17:g.7674219C>T"
"95e7500c-b9a2-553f-9689-faaf7c22ea41"	"chr17:g.7675145_7675146insGGGT"
"961b20ad-e3ab-57ac-9bb1-110b109d83af"	"chr17:g.7674279G>C"
"966481d1-62c3-594b-a35c-a320e0d36b8a"	"chr17:g.7675208delC"
"969b4b3a-58e6-5373-99d6-ca60ad2c6b0c"	"chr17:g.7675154delGGCGGGGG…"
"96f4dd87-636c-545d-a218-7f04eba41d2e"	"chr17:g.7674185delAGTCTTCC"
"971606b1-1e90-574f-a8be-c418acae1a98"	"chr17:g.7673797_7673798insAAC"
"972870c1-fa9f-579c-94bd-4db3c8257340"	"chr17:g.7673828_7673829insAGATTACC…"
"b83d66dc-cf9a-505c-a1f0-85e9f690055f"	"chr17:g.7674957delG"
"b85dc333-482e-5d17-8d4e-707ecdcfba54"	"chr17:g.7676584G>A"
"b8738c0c-fc1f-539c-ba28-8712d28fe288"	"chr17:g.7676010_7676011insTAAG"
"b89b1472-0d24-55cc-8056-845107ffd677"	"chr17:g.7676536G>C"
"b8a0ab27-977d-5db2-977d-263677e352ad"	"chr17:g.7673253A>C"
"b8cdfc52-cccb-5611-8211-c8159ac4869b"	"chr17:g.7675100_7675101insCC"
"b8f37c9e-4522-54b3-8e51-cfcec735aa25"	"chr17:g.7675128_7675129insGGC"
"b92c20ea-2a5a-589c-be53-1afa022492e0"	"chr17:g.7670659G>C"
"b9399333-6e88-54fb-80f5-d5df0b726a1b"	"chr17:g.7673571C>G"
"b9b2f7c6-0c60-5c1b-81ab-07a8b11ed929"	"chr17:g.7673539A>C"
"ba4be26d-c4fa-55eb-a773-b5f233ab259d"	"chr17:g.7676179G>T"
"bb287714-9338-53b5-9ac7-0be5fa86f766"	"chr17:g.7676245delC"
"bb3e2450-7d59-5601-8a54-d057548bd5da"	"chr17:g.7674899delGTGTT"
"bb57a03e-f5cb-5e0c-96fe-ea29502446b3"	"chr17:g.7675086A>C"
"bbdd913e-a9f8-5a54-9042-c45e1db16af3"	"chr17:g.7670669G>A"
"bc4c5e1c-3bd3-5a0e-96bc-1a79fb5e95ff"	"chr17:g.7675128T>A"
"bc765d9a-6860-54be-97af-d154e6d4a0b4"	"chr17:g.7676059_7676060insGT"
"bcc0b4ec-47f3-5aa6-8eee-39c8aa31ed13"	"chr17:g.7675230delGGGAGTAC…"
"bd381c69-3dcd-5e8e-b015-6cfd924798b1"	"chr17:g.7670703C>T"
"bd6fce35-ab68-5ab4-8969-787b77719dd3"	"chr17:g.7675196delT"
"bda5f2e9-3cc4-513a-81d3-65fcc33453a1"	"chr17:g.7674213G>A"
"bdcffeab-b745-5d7d-bc1d-ed81872aeff3"	"chr17:g.7674269T>A"
"bf192a6f-38e4-5f72-a8a3-2a2b2106267b"	"chr17:g.7676042G>A"
"bf5a0449-b6c4-535e-9287-5c7000b7803d"	"chr17:g.7676047delCGT"
"bfc4801f-6e8f-5c12-bb1a-fae81973d810"	"chr17:g.7676002_7676003insC"
"c00dc2be-108e-5a28-8493-d2e9d01c3e8d"	"chr17:g.7676038delGAC"
"c01178ff-8578-5fe2-936d-fe12a75bce41"	"chr17:g.7675200C>G"
"c05d2728-d8ed-560d-8957-74f30c731d01"	"chr17:g.7673753delGAG"
"c107c6de-3a3f-5367-9b43-c98be9b9d9a0"	"chr17:g.7673794_7673795insACAA"
"c2035322-5027-575b-98a4-ce5a78aeef0d"	"chr17:g.7676045A>C"
"c304af52-9292-5569-a730-a7d91a908c3c"	"chr17:g.7674198_7674199insATA"
"c3cdd1f9-d0e1-5161-9c6b-09690e68691b"	"chr17:g.7675126delGATGGC"
"c3dd0824-d44e-5733-97cf-7fa7412938bd"	"chr17:g.7676227C>T"
"c41dca1a-a28a-5ab2-ab7e-66875208f163"	"chr17:g.7670714A>G"
"c454d133-e1c3-5e26-a634-65917155656d"	"chr17:g.7676046delCC"
"c4af0f21-8f5e-5cd9-8ace-d5fb844723fc"	"chr17:g.7673809delCAAAGC"
"c4c8fd82-c8f8-5c05-87cb-b6c8284e2334"	"chr17:g.7676071delGGGAAGGG…"
"c5517738-bce2-56c4-bf04-a505de9cb27c"	"chr17:g.7673586G>A"
"c5a786f9-5d5b-5950-bbbf-40f1f53700fb"	"chr17:g.7675138delGCGGACGC…"
"c6390c8e-d42d-52f1-b5ef-4716f0713966"	"chr17:g.7670678delAGCTCTCG"
"c6fcf40e-11c5-5c79-96ae-b78a8de2c9e4"	"chr17:g.7676037_7676038insG"
"c73f1e2d-5137-545d-a11b-5aa355a547f4"	"chr17:g.7675224_7675225insGGCA"
"c7a7a4d4-8c60-598e-b21f-91b577f44693"	"chr17:g.7676079A>T"
"c7ecb046-b710-587f-b692-c483a1eaa77d"	"chr17:g.7670686G>A"
"c83d2125-5caa-58de-a994-b30e32798088"	"chr17:g.7676185C>T"
"c8a0a15d-f7f7-53d2-855f-11e53f301584"	"chr17:g.7676263delGCAAGGGG…"
"c8b4581a-4d36-5335-8b8d-1ae6febc0505"	"chr17:g.7676007G>T"
"c8c86f78-521c-5751-a915-98f04eaac6e8"	"chr17:g.7673824C>G"
"c8f3ba47-06a7-58ed-a2c1-f9bd34961164"	"chr17:g.7674857A>C"
"c90545b0-9e63-5789-9a2e-6c7647c7fef3"	"chr17:g.7675210A>T"
"c94a18d5-ccd4-523d-871b-89b97c178822"	"chr17:g.7676163_7676164insC"
"ca5ba010-3a40-585a-8ddd-f8d177c97f17"	"chr17:g.7675140delGGACGCG"
"cad51c81-0e3d-595d-82a8-d50dcbda27b0"	"chr17:g.7675125_7675126insGAT"
"cad57945-af14-5197-8097-3fa4d5daa0b3"	"chr17:g.7675069delGC"
"caeff9a4-ddbd-5ebc-9d42-f10c207feba0"	"chr17:g.7675152_7675153insG"
"cb02160a-de82-5b6c-9a22-16a474d034b2"	"chr17:g.7675203delGTT"
"cb935850-23fa-5325-84bc-269c0b37dd74"	"chr17:g.7670665C>A"
"cb9ee225-0a59-5c1e-976e-cf241ad63a2f"	"chr17:g.7674953delTGCTG"
"cbdd01d4-5cc7-5deb-ad4b-1ad63c715081"	"chr17:g.7675213delC"
"ccb6a2e1-9f2f-5bde-a687-3e8adcb8be0a"	"chr17:g.7670707C>A"
"ccc2972a-5f42-55d9-9471-1d02ccc37ac4"	"chr17:g.7670697_7670698insGCGCT"
"cd1d0b78-6bab-52d8-9701-bf781a7021c7"	"chr17:g.7675190C>A"
"cd217124-2d0b-50c9-a760-a32ba61f4e60"	"chr17:g.7674921C>G"
"cdf91469-6df2-5a58-8546-b060d36029c4"	"chr17:g.7676113delC"
"cec2daf9-784e-5b90-a513-fcdbed613009"	"chr17:g.7669659delAGGT"
"cf1ad4ca-a42b-5f81-b357-343026c72562"	"chr17:g.7675200C>T"
"d01f4031-96ea-5c5b-8f28-b64d3d62c7da"	"chr17:g.7673825C>G"
"d0787425-9714-5b21-ae2a-1291f27803fb"	"chr17:g.7676376delCCTTAC"
"d11ad0f3-4b63-5b12-95ca-ec9448f61b77"	"chr17:g.7676020delCAGAATGC…"
"d17b8e53-e2f2-5d9d-aa76-e7a45d0f7677"	"chr17:g.7674172delGCTCCTGA…"
"d1cba6fe-b8ba-5bfa-8fc4-a93e63b29a09"	"chr17:g.7673552_7673553insTCCA"
"d1e5e755-b781-5eaf-91d9-9128532654db"	"chr17:g.7674888delTATGTCGA…"
"d2d7e4f8-b5fd-598a-a11b-3ce9a541ac30"	"chr17:g.7674183delG"
"d2e132a0-7e08-5ecb-a06c-f7f2dbbcab82"	"chr17:g.7673582_7673583insA"
"d390001e-df66-58f9-9a55-38b4203e78ae"	"chr17:g.7673751C>T"
"d422f5a7-2f07-51f7-bb92-5032a0c54712"	"chr17:g.7676078G>A"
"d479ff18-be7f-5dc5-b8cd-768d55e9d0d3"	"chr17:g.7674212T>A"
"d49d6bb1-4eba-56c3-827e-ed0f30a33f08"	"chr17:g.7673756_7673757insT"
"d4baa01c-cd8e-5067-944c-3d8cc82a7322"	"chr17:g.7675075A>T"
"d4c4e2b7-d9ee-5478-b034-dba6bcf86fe1"	"chr17:g.7673564delGTTTCTTC…"
"d58028f9-af90-53ee-86c5-987e923968a0"	"chr17:g.7676026delG"
"d69f3a45-2ac1-5b71-9065-f9c61e02b21d"	"chr17:g.7673273C>A"
"d71fc159-2aac-5a29-a8c4-cde16fe52447"	"chr17:g.7674900T>C"
"d74433b4-39b3-5e8a-b84e-176756b2d797"	"chr17:g.7674854delCAGACCTC…"
"d7648480-37ef-503a-99e7-07fb7b111ce1"	"chr17:g.7673601delG"
"d7b3838c-574c-5b36-b366-7a44fc9d46b6"	"chr17:g.7673832delTT"
"d7ff5aad-4e6e-5573-a667-bfc9d4dc3c14"	"chr17:g.7674963G>T"
"d90d4bf0-c8a6-5709-ad44-b789828b58d4"	"chr17:g.7670686G>C"
"d93d1b7d-baa8-5ebb-ac6a-4a0b14503178"	"chr17:g.7673785C>G"
"d963641b-2f5c-5e81-a5b9-4de3d42a05fb"	"chr17:g.7674205G>A"
"d9c60bf2-7079-5e32-9acb-6673a25f5d48"	"chr17:g.7673825C>T"
"d9dfc9ed-a857-5aad-8e8f-c1014842b7b4"	"chr17:g.7674250delC"
"d9f69809-c191-5f8f-9f9a-c41d8526c6df"	"chr17:g.7674887_7674888insT"
"da3342aa-483e-5ef4-84c8-abf0ed056e84"	"chr17:g.7675211A>G"
"da35a81b-78bf-5403-b77d-089200ce9299"	"chr17:g.7673606delGT"
"da89f274-7deb-5b39-a704-35c44d416e35"	"chr17:g.7674251A>C"
"dabdd78c-ff36-5a2e-9a68-7735065f452b"	"chr17:g.7676179delGA"
"dae9c17e-9020-5454-a666-2ecac8f0a7b8"	"chr17:g.7675058delCTAT"
"db07f807-c6f8-59d8-980f-cb6670a6fe97"	"chr17:g.7675079T>G"
"db77cb04-d0b0-5dda-85ca-d4df8d681c97"	"chr17:g.7673827_7673828insT"
"db83091e-302f-5039-bd52-13e917948279"	"chr17:g.7670674_7670675insT"
"dcdbbf37-8a0f-595c-86ec-c8c2c0fa7eee"	"chr17:g.7673278delAA"
"dce12f67-3906-5364-900a-52e1211edb89"	"chr17:g.7675237delCT"
"dd37d0c4-93fe-58b0-98e6-50a0492faa3f"	"chr17:g.7675220T>G"
"ddb6d239-e8b5-5241-a6ca-237e68362f60"	"chr17:g.7673771_7673772insA"
"de542a52-219a-5bb9-9a43-d37bc2a5cf1d"	"chr17:g.7674937delT"
"de708241-e5aa-533a-a6b8-f40b2508d615"	"chr17:g.7673608G>A"
"de79cdde-2d6f-567d-8d70-a2aa24e4497e"	"chr17:g.7676152delC"
"debdd304-2137-5f8e-9edc-cb8a3b0ef8a4"	"chr17:g.7675112delTGTGACTG…"
"df643341-615c-5b5d-986f-1da03095ca14"	"chr17:g.7674243delACTGTT"
"e19f4214-ff70-5cb6-a850-2de81dd62982"	"chr17:g.7675189G>T"
"e211eac5-37d2-508d-a458-e9b9d752eef1"	"chr17:g.7673734delG"
"e25eaa5c-69cb-55d1-80d9-da685263c92e"	"chr17:g.7673820delCGTCCCAG…"
"e2c78e3e-dbbe-50fc-b7d9-046ecb200947"	"chr17:g.7673811delAAG"
"e2d2e835-9d64-5683-a57c-34217c196677"	"chr17:g.7675082G>T"
"e2d73867-c0b3-5fbf-adbd-eaf46e747590"	"chr17:g.7676091_7676092insG"
"e32343c1-9074-510a-8e3c-0ad7af871523"	"chr17:g.7674207_7674208insA"
"e36cbc09-6d49-53b6-a1a0-ec1760f3ba41"	"chr17:g.7673828delTAGATTAC…"
"e39e9080-c21b-5b11-9c5d-a761a191527e"	"chr17:g.7674924delC"
"e3abd7c2-3880-5cd1-9fcd-933c5253818a"	"chr17:g.7674233C>G"
"e3e82d00-c6b7-5da4-9c2d-701d62582c2d"	"chr17:g.7670686_7670687insT"
"e3f5c296-1686-59f8-a081-407a8d2e85c2"	"chr17:g.7673704delGCTT"
"e426436b-9d65-59e0-baaf-c80f32d1d2e1"	"chr17:g.7676187T>C"
"e437f01c-2d3f-501b-a4f2-68a84c2ea8a1"	"chr17:g.7674186delGTCTTCCA…"
"e444be8e-1814-58ef-b883-85a14a9557d1"	"chr17:g.7676095G>A"
"e65caa87-92af-5604-a9c3-ca3ab7424561"	"chr17:g.7674905C>T"
"e6f413db-ced5-56ce-844f-cd68741bd3cf"	"chr17:g.7673839delTACTCAG"
"e778e2f1-0746-5a39-a897-67e581ad1279"	"chr17:g.7675184_7675185insCAGGGCAG…"
"e8208a5f-ad74-5800-bbf8-4e5a2dc7399a"	"chr17:g.7670704delA"
"e89f6d7f-3b9f-56b7-b95c-04e41e31e186"	"chr17:g.7673759C>G"
"e8fff74d-5864-5543-91ed-ef86fd7f3026"	"chr17:g.7676178delGG"
"e98fd494-1cf5-570a-ba5f-4754712b3bc3"	"chr17:g.7675110delGCTGTGAC…"
"ea3059d3-62c6-5f68-863d-9476ae619f5a"	"chr17:g.7676156G>A"
"ea3a0668-e7bb-5f81-b17e-56927e2bcc04"	"chr17:g.7676057C>A"
"eb61b565-f0f4-5b1c-868a-8d38d8f479ce"	"chr17:g.7675171delA"
"ed49b9a2-b3f1-5018-92dd-f7d458feb2da"	"chr17:g.7675051delA"
"eddb6933-2d11-5fbf-be10-b690dcdaa41e"	"chr17:g.7676033delGCCCAGAC…"
"ee4690e1-e5cf-580b-9efd-8a9f49f21801"	"chr17:g.7670666_7670667insAGGCCTT"
"eeaf6578-ecba-567b-a470-c763d66e099c"	"chr17:g.7675117_7675118insAGCA"
"ef278a68-d9e1-5e3e-8e89-2053daf0a2b4"	"chr17:g.7675064G>T"
"f026cb3f-373c-5daa-8bd5-7c9bdafa7796"	"chr17:g.7675998_7675999insA"
"f02f1a30-95a4-5c82-bcdb-b25125b62b9f"	"chr17:g.7673704_7673705insC"
"f0ff4b95-1674-5b5e-8474-67e9fc19ed05"	"chr17:g.7675176_7675177insCAGCTG"
"f2165660-d8f1-5cd0-b0ba-1dd717bc92a3"	"chr17:g.7675232G>C"
"f2528b55-3f21-55ff-823a-905abaa6886c"	"chr17:g.7674865_7674866insGGCT"
"f257131a-3619-52b2-9461-25471aa86c58"	"chr17:g.7674202A>T"
"f2dde190-4f26-5ad7-80bf-2558c3332ef2"	"chr17:g.7673804C>A"
"f30b84c6-468c-5b84-a767-252d6f8b3e54"	"chr17:g.7674953delTGC"
"f3117534-75c1-5254-8115-cb5786e3b61b"	"chr17:g.7673813delGCTGTTCC…"
"f312476d-314d-5b6b-9fc1-9cb5d78a6b01"	"chr17:g.7675142_7675143insG"
"f3e24e75-16f9-5b98-be4d-90201ba09bc1"	"chr17:g.7674227delTGCCGC"
"f4813efd-5101-5c4b-b1e1-1e619a73a4d1"	"chr17:g.7676274delT"
"f4a4793a-1633-5564-8d6f-b00f13d555a3"	"chr17:g.7670657delTTGAG"
"f4a683f0-925a-52ed-814e-5b11c8dc5603"	"chr17:g.7675194delTC"
"f54cfaf9-b12e-53f0-9491-3f0abc372f88"	"chr17:g.7674184delGA"
"f58e52be-2e97-5f60-a640-ad9fa63e9133"	"chr17:g.7674258delGTTGTAG"
"f59b0bb3-c726-50cb-94df-892c42c9ae48"	"chr17:g.7675187delGGGCAGGT…"
"f65c14d4-9a7c-51ea-a54f-0201019bd81f"	"chr17:g.7675084_7675085insT"
"f6a1c83d-66c2-58d3-aeb6-03c73a88bf40"	"chr17:g.7676054delG"
"f6e4f6a7-5590-507d-a5a7-418c202bf0ad"	"chr17:g.7675229delGGG"
"f7959eb3-07f5-512c-a694-c8a63e0a3a4a"	"chr17:g.7673609C>T"
"f7b2e510-5a99-5251-b79f-c72681476bcf"	"chr17:g.7673598_7673599insA"
"f7cdca2c-12c5-5194-9323-39e233f43f7b"	"chr17:g.7673780T>A"
"f832aa33-bcbf-50fe-8046-17a893e3d2a4"	"chr17:g.7673337G>A"
"f866b8ec-657f-55af-99eb-583d56ee5c48"	"chr17:g.7673775C>G"
"f993afa3-78af-5fd1-b6ba-2c2e7c6f1054"	"chr17:g.7673763T>G"
"f9a39039-913c-575c-970a-b292145f4446"	"chr17:g.7675080G>C"
"f9b313b6-56c9-51fc-ad33-2b6154cb65cb"	"chr17:g.7674292T>G"
"f9f456f4-a965-5351-8ee9-2b1fcbec2b7d"	"chr17:g.7676056C>T"
"fa1f2f6b-72f6-5c7b-96d3-408de6b58f83"	"chr17:g.7676187delTC"
"fa6427da-ac38-5a1c-8b3d-5ba34f3a93c9"	"chr17:g.7675190C>G"
"fa97b078-614e-5538-adc1-786ba0502179"	"chr17:g.7675166_7675167insAC"
"faf5ab87-7b72-59e7-a2d9-65051d7823ca"	"chr17:g.7676237delC"
"fb7d0771-a3d0-5249-ab3c-e7ab6fd8af57"	"chr17:g.7676081delA"
"fbdd0025-4137-5617-927b-71104e6b8f6d"	"chr17:g.7675127delA"
"fc5a10d1-8bf1-533e-8339-242bd2781575"	"chr17:g.7673811A>C"
"fcd8b406-35fe-5db0-ae92-36aec2636379"	"chr17:g.7674190T>C"
"fd12a97c-b3e8-5eec-a73b-d7cf34f8978d"	"chr17:g.7674226A>G"
"fd368b15-48a3-5957-883b-8753ba9553a0"	"chr17:g.7676028A>T"
"fdb6033c-4c0f-5b9d-9e73-5c08a768bac8"	"chr17:g.7673802delC"
"fdc1b8b6-dbda-5ebc-a35f-64e15f8bff57"	"chr17:g.7674968delAG"
"fde42010-7a4c-5e3c-a11c-a56c9c818626"	"chr17:g.7675113_7675114insT"
"fe3b0b46-9fd3-56b7-a531-657475d06609"	"chr17:g.7674897delAAGTGTTT…"
"fedd863c-4123-568f-b00d-b2aaebbdee92"	"chr17:g.7669619delTCA"
"ff1c5ee0-00fb-504d-a495-a015d0b9cbf7"	"chr17:g.7674245T>C"
"ff3aed5f-7bb4-5e39-af3e-5b0ecd7f948a"	"chr17:g.7669614C>G"
"ffc0eb67-7f05-5684-903b-aba135c32d35"	"chr17:g.7676021delA"
"ffc60535-17a0-5cec-9327-04aacc8ac1f1"	"chr17:g.7674273delG"
